artist_id,artist_name,track_id,track_name,track_popularity
0,250,1OpphgmekEGEKf8yH4wP5u,뱅버스,14
0,250,604HVVhodgrb5jLNbjgwMW,로얄 블루,14
0,250,2OcHlYHykmzAvPNg47dida,모든 것이 꿈이었네,14
0,250,6DCcU88I05BrrPHFW13clB,휘날레,11
0,250,6wuwBCUqcdEc9US03kW9YT,사랑이야기,10
0,250,18q1hdirmIn9N3D6bHcSFU,바라보고,12
0,250,3qiYw8ClalMmui5RNsfsjN,이창,9
0,250,7GomIJmO7LvbMELOawA3oF,레드 글라스,8
0,250,0qDaZa1DVTmB6idpVqVCAb,주세요,8
0,250,4p07qrsMyVimVJ6WrvX5sJ,...그리고 아무도 없었다,7
1,갤럭시익스프레스,6wFKwkqFmB3SJcJ7dCodMp,Turn It Up,34
1,갤럭시익스프레스,4BfmJnaP3Ghu4W7JmMHamO,Oh Yeah!,11
1,갤럭시익스프레스,4F4arrk8iGRPBE76XCf4PL,Jungle the Black,8
1,갤럭시익스프레스,1bqnBbiwUmT1ySFagi3aQI,Ddddance,5
1,갤럭시익스프레스,3N1IMnrpPxckAmrDk91edk,Youth Without Youth,4
1,갤럭시익스프레스,37mVKCGfrKFljn2uOsTkjE,I do not know why I am here,3
1,갤럭시익스프레스,4vKPB5Cg755oXI8ET2eDCa,개구쟁이 Naughty Boy (산울림 Sanullim Tribute),3
1,갤럭시익스프레스,2me6Z1ck5Q5Z3zTIYuZ5yS,진짜 너를 원해 Really Want You,3
1,갤럭시익스프레스,7GPkcAKqXYw5j9BJfNmvvu,다시 한 번 한 번 더 One More Time,3
1,갤럭시익스프레스,0XcYZw7nnNXnNAuG0szax9,호롱불 Oil Lamp,3
2,검엑스,00CR2Xo5mNHGFT4ImoGEKN,BUDS,2
2,검엑스,4XBqfMAXsHrDI4rwsv8RDe,THE SOUND OF OUR LOVE,1
2,검엑스,3rWFwvwg8XVxv2zS4t972V,KOMM SUSSER TOD,1
2,검엑스,4VeI5qiQ5RXwxPvnn73Ts8,Punk Rock Bomb,13
2,검엑스,17LgWIRfY5tl19X5T4HeKo,GREEN FREAKZILLA? - WORST GREATEST HITS EVER! Version,1
2,검엑스,2gyMNASfEPL9LoyuVfMNPT,FATHER AND ME,1
2,검엑스,7GdV2aCHOGOLVZgceIk0zI,Steady But I'll Run,12
2,검엑스,1Az9pInO9orlSVbwAboMd9,187 Street,12
2,검엑스,7tXRnb60fkohlkconYLR50,You're Still The One,11
2,검엑스,018QXHVeKSUtW4iLenfs2M,Last Promise,11
3,검정치마,19Hg1UCZaCdpHB37L7x63X,EVERYTHING,64
3,검정치마,3SLlqKXr91haZQhhNYNuVk,Who Do You Love,50
3,검정치마,4bjNOhOMvqFPflwHIaS7Fw,1:05,47
3,검정치마,03YtYSkpHqqY3EBmHJkTjP,Till The End of Time,46
3,검정치마,3PyWBHnx6G5uUpeSjbmp6m,DREAM LIKE ME,44
3,검정치마,3XPD2voMhtskeDqtClsbaU,Hollywood,43
3,검정치마,5BGxDtIEw8zxoP29Fid69a,Ling Ling,41
3,검정치마,745W6tNeXVKjskHoCsMJvV,Antifreeze,41
3,검정치마,1QoZ5G6pg7pZgEA7uFpgVh,Love Is All,40
3,검정치마,0V3eVNmgkOzJ5wQztnCpAV,Heya,40
4,구남과여라이딩스텔라,062YAnkET9s0IoRbmG0z4O,젊은이 Young People,14
4,구남과여라이딩스텔라,0k8Zp7rBep2YVuHonfHOFD,Donghae,7
4,구남과여라이딩스텔라,5BYJDSNQjDHhqxZzAj3hZn,Healthy and long life,7
4,구남과여라이딩스텔라,3cdF56TKMTTFWA0muiw5bZ,Going South,6
4,구남과여라이딩스텔라,7sUTtzfCm0NZoTrIILABOv,Summer Night,6
4,구남과여라이딩스텔라,6xEumUAHxD0dretB3p1Uf1,Sundown,4
4,구남과여라이딩스텔라,7M7FkqEAElasi0BYElIXbU,Misfire,4
4,구남과여라이딩스텔라,5P31Yg3b1wwIEPNHMIeRb1,My Twisted Life,4
4,구남과여라이딩스텔라,6zAMN6vcA9RqgF8vp1amGw,우주로 가자 Let's Go into Space,4
4,구남과여라이딩스텔라,3yy2rwQqQoLd24B3rnrq6F,Cold delusion,3
5,권진아,6kihmLVLuCAptKWX167SgR,"How you feelin' (From ""Love Scout"" : Original Soundtrack)",49
5,권진아,3xvuR15lzn3zu9RWJj2tvg,Lonely Night,44
5,권진아,3ctGT9T08w6VnpND1zhPTW,Something's Wrong,42
5,권진아,7wSb2eRkdEyRmyxFIduPPj,Wall,42
5,권진아,2xqZgDhbEzNIQGEz8HdrkJ,I got lucky,40
5,권진아,6uYBDTTolezL3ne2HsXDm0,Consolation,38
5,권진아,2GBrW5lRWjAQMhK612qzVg,The End,36
5,권진아,25NbUuEgEGmMPiaCv3IAar,Excuse,36
5,권진아,6ICuoo5popbvy4wR7bjerr,Tell me about your day,33
5,권진아,2eXMRkhBZW3JepG7nM0nds,For Now,33
6,극동아시아타이거즈,6wh8KaxwuFMgRkNdmGFeJw,Petrichor,15
6,극동아시아타이거즈,6SQO6YdJYDqp7HEBv2Yjyo,Myunmok Middle School,15
6,극동아시아타이거즈,5efybC8SBCQ0AZ0n2LMago,What I Believed In,13
6,극동아시아타이거즈,2Y2pXXkG9waJoK6YJziH7o,Hope It Rains Today,13
6,극동아시아타이거즈,5sZSeFxLOWcw9Rz5QaO2XM,Till The End,11
6,극동아시아타이거즈,485WGj8i7yDug5qki1crk7,"A Cat, a Cactus, and...",11
6,극동아시아타이거즈,1m8vhm6B7T2f6t0vsCYsSE,Mosquito,10
6,극동아시아타이거즈,7vPhRCzEgq0nRqUuoxYvOw,Alright,9
6,극동아시아타이거즈,0IiC0uF7Q2IOAzAtV9fczW,Hollow,9
6,극동아시아타이거즈,6XyxmfjqDvTT42VRFX5RlL,Too Late,9
7,글렌체크,0An32aDKsF10F4rGUysb5Z,Dazed & Confused,46
7,글렌체크,6YWS7t8KUTKVRPOpt2VRkd,4ever,41
7,글렌체크,3JYqt9ADvBsou2pDrpmAZj,60’S CARDIN,35
7,글렌체크,1Ub5sCBfsF3xGEw4eHqJro,Sins,32
7,글렌체크,601FhtcHMZUe9vin7t6ZqO,Runaway,27
7,글렌체크,6sH7kPWltg8cTBIylZ0jgS,"Dive Baby, Dive",27
7,글렌체크,0jolbreRPb1RgQByr4KKc2,Waves,26
7,글렌체크,7BaQu7EFyZwbL6lGco63V8,Teenage Fantasy (Glen Check Remix),25
7,글렌체크,4YY2A7SZ4GoFtgMOr5irE5,VIVID,24
7,글렌체크,6ObK168og8o26NBNHZXgpc,FRENCH VIRGIN PARTY,20
8,김늑,7uJxlmcmh8MGceRdN4xqAd,Just dance,8
8,김늑,7rQ4bsbmtOzHKxMVL4JrKQ,My Love !,5
8,김늑,1qj5MpoRiTrop7oPB2iief,I Wanna Be Like You !,1
8,김늑,1vtM1LJzKHubooehaxZjjx,Old love,1
8,김늑,6MTvrL4TOX5fpJvsKsDTmH,Grassland,1
8,김늑,5btP9EU3QfATSuPjFKoeVa,Middle school,0
8,김늑,3tZFd3sWlwDBwQhW0iPqTO,Strawberry,0
8,김늑,4VitDGboFOvMhoVf5CbyTj,Where Are We Going?,0
8,김늑,1Vsc1fGu0h2CfsZew5FHn7,God,0
8,김늑,22ObYSVnl1O2UOI9HNgd3T,Girl,0
9,김뜻돌,579uHOz2E7JtV3YNNOwJqu,"Beep-Boop, Beep-Boop",41
9,김뜻돌,0eRn7bP9jeRaxO0JBOjSxw,Shower duty,40
9,김뜻돌,7bQy0LIiXWN0ybCi9I73Uc,Dancing in the rain,38
9,김뜻돌,06zMVfnqSiXl7DoWCLCvzs,A Call from My Dream,36
9,김뜻돌,6bkIfmlSYL5DoJss2EmEMa,Supernova,31
9,김뜻돌,0c2DTzgfJ1MV08drqsRwlU,Mikael,29
9,김뜻돌,3R7957ht76bjPzfP5YH0dh,Esc,31
9,김뜻돌,5TmwssiMpaG0Fuy5MIFDnv,Butterfly dust,29
9,김뜻돌,5p2l7ESw7LcQ8kQ3Ih3dzz,Small death (feat. Jungwoo),29
9,김뜻돌,0IhXdTNRWhSHCbRwIbYBC1,"Ah,",28
10,김윤아,0j7rdmHbWKFLqexOPkWfB2,Days Without Tears,32
10,김윤아,4qg4R296ne1vu0Mlsdtg99,Spring day goes,28
10,김윤아,0SUH0PR74mpBLTXOoPQcSg,Lonely Sailing,29
10,김윤아,2oo8j9ZIUiT1WNRaZX9t7L,"Plum Blossom (Webtoon 'Return of The Blossoming Blade', Pt. 3)",27
10,김윤아,5TSVsb0rX427EaNYlUD4Jo,going home,25
10,김윤아,6Dpb6KTOb3iEm89DAHwLGk,Nocturne,23
10,김윤아,5QLWkUm443dBwoTEH6tTJ9,Voice,23
10,김윤아,2zRCXOKI6z6keb22TyJMb1,The Road,23
10,김윤아,65C7eAqJggjluU4NsmBKdn,"스물다섯, 스물하나 - Live Version",20
10,김윤아,6gE0akjy08BHcmjirwijxw,Be Colored,19
11,김일두,0KJQJfRiZ0AxCrYgl10VUR,Close far away,13
11,김일두,6EEHcAp0VyqCGAQ7GrBEKa,문제없어요,11
11,김일두,6b8jlLEXYmiLRua2Z9hZsE,No problem,7
11,김일두,3aEBEitVRfZEj3uiDCJNEP,Hot Fire,6
11,김일두,4juiLRzwwCON9vRg5bnSIq,To Love Someone,6
11,김일두,6wCpYz1AuSypfzuf4zWKd3,Dawn Star (played on acoustic guitar),5
11,김일두,1CtKTl78SP89gCKWqPjypI,Stay starlight,3
11,김일두,2eNfkUKkc1RmGXEolkkESw,rain rain,3
11,김일두,39ywnncva1RWu4sA54PbzB,A letter to the heart,3
11,김일두,6mSwQMdrWt8rbeiXJfozWt,사랑의 환영,3
12,김창완밴드,3iIjIKxz1inHQvf1rFum8C,Spread Silk On My Heart,2
12,김창완밴드,5mlBE0LAXfJaijceJ5mXbX,When Playing E Major,1
12,김창완밴드,5vxlJJZGl0q3LulNK5Jm8l,Spread Silk On My Heart (feat. Jambinai),1
12,김창완밴드,76SCBjI5LyRjS3OPC77Z9I,Let’s Ride a Motorcycle with a Guitar,1
12,김창완밴드,2WElgS2WVQZtx7YwsZxhBR,Wudududada,1
12,김창완밴드,0I5jPtwFJJVN5fwEUFVt8V,Hat and Spaghetti,1
12,김창완밴드,3YguwmOSnSiTj2BIdnN3ce,Forgiveness (feat. Bae Sunyong),0
12,김창완밴드,5kJejkAl4eW8eM3cJt0c4u,"Twelve Lives Twelve, Sixteen Lives Sixteen",0
12,김창완밴드,5Fes2aSBohUijGemj92731,What I Want,0
12,김창완밴드,4nA5VUzc5sqSVt0mFrISEF,Forklift,0
13,까데호,46qgSG5ZIz2tywHXZrk2MN,In the Light,16
13,까데호,03yoWNAd0xbbfEvWS1pSTt,Us,14
13,까데호,6O5CTcegNJ4rYnT6Aleiel,Woo-Woo-Ah-Ah,11
13,까데호,01dMF6ne4JpNlJOr4tUzAO,Rang's Story,11
13,까데호,1x5xg3tTJRf5cTQ6KarDGr,굿모닝 서울,7
13,까데호,20HoTbfpCunIbRwJ0jIoHW,Silver Sand,10
13,까데호,7bQqfuqPEBEJQrkEO7qWdw,당신께,6
13,까데호,4gHi9aErjNEqq8KoaZJUzO,A Place in Sun,8
13,까데호,5AK4jVEeGyXqOCvAltU3Pm,Cadejo Blue,8
13,까데호,2OxCOlb9EComGQY0eic2hR,Vanessa,8
14,나상현씨밴드,5WYgNDkw0VsDIZwfwQWlXp,Shine,29
14,나상현씨밴드,3HlS9rN0FaEPaSYBtVkWCE,Lily of the Valley (Original: DANIEL),29
14,나상현씨밴드,337ykyy8pcCsbHBXzhtxfp,pathetic!,26
14,나상현씨밴드,3spMVtA7IB049dMp9DSepD,Nights,26
14,나상현씨밴드,6LPOb5pIzrUCIBHOIaQU9b,Spotlight,24
14,나상현씨밴드,1sVGN9fIYA5PDpPuciVkGX,eye contact,23
14,나상현씨밴드,1ou6W37YebCDWVKtGXFXgz,Love Love Love,21
14,나상현씨밴드,00mYXtFFK3OPHEXl6xis56,Are You There?,22
14,나상현씨밴드,59RE05wSPwo1OJex4BBJF5,CLOVER,22
14,나상현씨밴드,6YzAAHEHD5QIlyDLSEv4vO,Lily of the Valley (Original: DANIEL) - Instrumental,20
15,너드커넥션,3TQHPUEVdvdq8ejwEcHUlL,If I have you only (My love X Nerd Connection),50
15,너드커넥션,3s761CQaziQ0GEN1yUkIsG,?Good Night Good Dream,49
15,너드커넥션,2i3HoDE1ZvQ2bh2ZmgpSug,Silently Completely Eternally,44
15,너드커넥션,6xDaCAazC3QiKNj2hpr4yM,Smile for me,41
15,너드커넥션,3e6V7K9v4RBpO8WKJ14Cbe,걸어갈래요,39
15,너드커넥션,07yp5YDZU6Zch6cJrXs6wo,대나무숲,37
15,너드커넥션,5D4ZBKq21jlQW1HUIsg5UZ,Will We Be a Melody,32
15,너드커넥션,5b6IobJ8lljASBIY4L3M4v,Lullaby,29
15,너드커넥션,0c9cXXQGM6KFwl6wC0t9hI,29,29
15,너드커넥션,2pGhPIV1OSHbNxSw0pGNOw,Back in Time,28
16,넉살,74iLM3khzrxThTy39JDQMC,119 REMIX,40
16,넉살,0RSqoTj7x8QvAkHi6ZScaw,CODE CLEAR,30
16,넉살,0EMhJBeLvEYzh4Y3WcmkGx,1/n,25
16,넉살,5RhWr1riHe3DXwhcNyfOaS,"Bonjour, Hi (feat. YOONMIRAE)",22
16,넉살,75hu4PaL2Bb9bmBc5omqQj,Filament,20
16,넉살,5MHgmCSE9LEXGD6RWSX6U0,AKIRA (Feat. Gaeko),20
16,넉살,1Jaf1PUUwzXZ3bCJ6mBjPh,Mentors [from “School Rapper 4 Episode 0”],20
16,넉살,5GZ5bYnGD2mcLFU8Y62E4u,Back On The Game,19
16,넉살,4kiD38roQQBlqEGMyTJXXh,Brrr Get$,18
16,넉살,0LvTksPA6IPRyI8m3blITL,You and Me (feat. Gummy),18
17,넬,0LSmb1eo894EJ7eIWPaAgQ,The time of walking on remembrance,39
17,넬,1TvYNC0kTULQPZ8N5MMmLT,Time Walking on Memories,35
17,넬,0SFENpaJ71GlfgurLEZIeu,Four times around the sun,31
17,넬,0FKCn2juc9oNNAwrdFaanq,Stay,29
17,넬,5uNM4mq9KX136IRfsPpvby,The Day Before,26
17,넬,12TW50uDqnqwCrMa51IqyX,Clumsy,25
17,넬,7scWrq8IzBBHY46i5m1cGO,Recede,25
17,넬,0z5qEEXg6dszdsaDmNt0p3,Green Nocturne,23
17,넬,1i24CcFgh1yrBLdovext8h,Wanderer,21
17,넬,3CrydJK1FQIOJnVvsNVz4X,Limitation,22
18,노브레인,2sDQ1EB8BvyL6YFxzXymoy,Your Crush On Me,27
18,노브레인,1Bjds5pJTvgzlheWp1oHGo,넌 내게 반했어,19
18,노브레인,1FcBUf1BE9uE4jNCHU1X6n,비와 당신 - 20th Anniv Version,16
18,노브레인,49tKgad5BvpvJUCEnl00lO,Come On! Masan Street!,13
18,노브레인,0PUb5B2S6HLSzKZzuEGPDC,Midnight Music,11
18,노브레인,11AzSXnKGHqpyJPg8PFLDD,96,11
18,노브레인,4kjmzHyHCe4CpgVk1b9uZI,That's Youth,9
18,노브레인,7rn4igYy9Uy2Qvnn6a6IUC,You Crush on Me,9
18,노브레인,6iFxNxDm1xulDZHWGCK0jJ,I'm Flying,7
18,노브레인,7FouYdNJFRPSrrLT9bOdMS,Party Like Crazy,7
19,놀이도감,3D2LC3VNZzLWZ1M9C4XURL,The Legend of Pine Forest,24
19,놀이도감,66aaUx4L1wdzZci3BXtMDz,Rainbow,22
19,놀이도감,1RT2GDrO0THvdn6q3jAAiJ,Festival,21
19,놀이도감,3g38kW8WRrqiQ8jRtiYuda,New Year,20
19,놀이도감,3wtY6nCMCHDf1Y3CMTiHop,Shoe Shelf - Bye Version,19
19,놀이도감,08v6CWx7xSm2Cawyis4J3l,Shoe Shelf - Hello Version,18
19,놀이도감,4FREH7p9S2c9qEABoaa0Wc,Rainy Days,16
19,놀이도감,2oKnatKl7PJrOw0iJgJdFy,Minsu Is Confused,15
19,놀이도감,7lK6nhafW1kaW0wQz6lNaj,Abandoned Umbrella,15
19,놀이도감,6bA2KAxVr6gIntDuNnP9ON,Hallucination (feat. Samui),13
20,뉴클리어 이디엇츠,3C6nKHkMYxVs2HrzYPmM2v,Cult,1
20,뉴클리어 이디엇츠,6KODxf00vYyavtm3flcDvF,Flame (feat. cacophony),1
20,뉴클리어 이디엇츠,2k6BTtg7zYO34k6Qd9acxw,KINGDOM,0
20,뉴클리어 이디엇츠,1EIazGiQUOQgRLhfKrJPvc,Tokyo (feat. Kim Kyung Joon & Moon Juna),0
20,뉴클리어 이디엇츠,5qMXQi6QjUJrclqqZKlLWM,Geisha,0
20,뉴클리어 이디엇츠,3fnMhjWKN5fQr8Bl2Al5zA,MCMXCIX,0
20,뉴클리어 이디엇츠,36ehrlI5nhDrbNagzdkvXx,Riot,0
20,뉴클리어 이디엇츠,2TgUPLeRhYpvnYdCG2cEuW,39,0
20,뉴클리어 이디엇츠,55bDyTxe4IjF6ip1VzPeOa,Distrust,0
20,뉴클리어 이디엇츠,5V6yMtlVY5OT2ef2t5DIj9,Titan,0
21,다브다,6hi5oK5Dxij58AxLThlSqD,소소리바람,14
21,다브다,6HNgyf3EW5WHSOPkHBbo0Q,Polydream,13
21,다브다,5fNb4E7j0VKDPr4RkzYoKU,Playing Alone,10
21,다브다,7qrOo0Hzv2qa9FllU4eyP3,Summer Game,10
21,다브다,6PorHyMtGAV6tfuY37gGDL,Flower Tail,10
21,다브다,5ooqFNim3S9d9ulyct6uOy,청춘,8
21,다브다,0zeFm6Rj1exxilhkXEBwvQ,Look of a Dream,8
21,다브다,4AsUeG6OBiXQo9IaSWsozL,Jungle Gym,8
21,다브다,2fbfE6m33aeRUT28nwH0RN,이상한,7
21,다브다,15OhePm7rHFdHUCHsbs1jj,Journey,7
22,다섯,5r9bCtRDQszVGfWCkZJzLO,Youth,32
22,다섯,6Lzkw092JlfJs14PsrmZzO,Camel,30
22,다섯,6SJXtvKLcdp7BEJafjdRBu,YOUR EYES,30
22,다섯,5HBN3nYBRWlSIhg0949jJw,Lunch Time,27
22,다섯,0zXc2LsLvQ60jDNObvqTRk,Lonely night,26
22,다섯,1TwN15RFItXAF4b32d8TVU,",",25
22,다섯,5g67gNRwG0YTZJNKPKBvJs,Photograph,23
22,다섯,6yMegkhgstq0FfMj0MmI9T,바다처럼,15
22,다섯,3piwqVj20tNee8yH6C8CE7,나는 내가 정말 무사히 도착하길 바라,16
22,다섯,5WUfLYA0UnrajqU8YH7o6z,"YA,YA",21
23,다양성,1Yuua9AnSRDl0taHxpVNzM,Evening Glow,10
23,다양성,1PzdeMgZ95G5wLeP7LPvDh,Circle,2
23,다양성,6irYD0QWqiFwSdLB4v9MFb,Free Fall,2
23,다양성,0Qm3yFYz2kKwQFFaxvA0Mv,daydream,1
23,다양성,1qcZzLYZtoenvSEsq6hlNw,17,1
23,다양성,2lPSQgKve9Gc7n7WgaO8Vs,The Empty City of Dusk,1
23,다양성,5t47xFYO5eMJpyIGHpv0S8,Rainbowdance,1
23,다양성,2vKq8UlXig02FHa75nSacC,Our Summer Never Ends,0
23,다양성,6VIeialpVYVbZ64RwLhDto,bubbles,0
23,다양성,5gnGwkZ093GF0JMyLeb58N,Cosmopolitan,0
24,다크 미러 오브 트레지디,4JK0Kwoe4mSZHBK3IkywIC,Chapter II. Possession,10
24,다크 미러 오브 트레지디,0l43vYoGBl1Tp5TdlmZUF8,깊은 밤의 서정곡,9
24,다크 미러 오브 트레지디,2okkbmHlRzT8hPY5TlpERg,Chapter III. The Annunciation in Lust,6
24,다크 미러 오브 트레지디,7jkXQudOhrwyl5DdnJaswh,Chapter I. Creation of the Alter Self,4
24,다크 미러 오브 트레지디,6xhTJ8zk3LiUsf4NcmSC1C,Chapter IV. Acquainted with the Nocturnal Devastation,4
24,다크 미러 오브 트레지디,0iDctKU8BN0AZpGsykQLT6,Chapter V. I am the Lord Ov Shadows,4
24,다크 미러 오브 트레지디,2VQ8mQ36FmBKQ6M2ni7j3N,Unwritten Symphony,3
24,다크 미러 오브 트레지디,7rgdzXrUTE4kRJLhwSPweg,Dancing in the Burning Mirror,2
24,다크 미러 오브 트레지디,0SH7xY9m9p6FsLtLZX2bhG,Possession [The Lord ov Shadows #1],2
24,다크 미러 오브 트레지디,6gOSq5OY4NaNAHFiCfXS5P,Perfume of Death,1
25,더 발룬티어스,4OJ3lHcyZdUaYNyhFQdbax,Summer,41
25,더 발룬티어스,6bnM3mthxSY6fWrk15msxM,"""L""",33
25,더 발룬티어스,4m5fpN1QBvFPepYfmnXoa0,S.A.D,29
25,더 발룬티어스,6aAZHBVIaaY66zGDGblDjZ,Violet,28
25,더 발룬티어스,6hI3IKVguLtDCgzLERKcWh,PINKTOP,28
25,더 발룬티어스,1pD9SiOaNpv88thDGWaOxg,Let me go!,27
25,더 발룬티어스,0NSQSAWTsNe0c8HxBVCUYH,Radio,27
25,더 발룬티어스,2sw4palAKf0wKtopLjDLSi,Velvet Glove,26
25,더 발룬티어스,1Qyg8gMMatJyPIi8da7Pc2,Psycho,24
25,더 발룬티어스,6EUu1a2UhYLokK3A3xkmRh,Starfish on your head,24
26,더 보울스,0X2fW8qiKhlHOUigmTv3nb,Farewell,5
26,더 보울스,2zU9DYy1wlAe2ZtpTiLYNc,Zero Fear Of Water,4
26,더 보울스,4MnJ87M07b6Ntuw5Bbqxis,RADIOSTAR,2
26,더 보울스,2cNDYm1m7yfZUcZnc5mWmj,Mr.Love,1
26,더 보울스,1LRkJssJTExZcH90ovpZK6,Drive,1
26,더 보울스,1o0Ulp0dVkLsO5Qx2Pdzc2,Heartbeat (Tahiti80),0
26,더 보울스,1GQelJvwSp3cbLc43U0USV,If We Live Without Romance,0
26,더 보울스,4437iOQFtY5bjAhb1xdfR6,Pass Me By,0
26,더 보울스,3zjQcdA0jMDGYp6kgeFUYe,First Things,0
26,더 보울스,5Rfo9DsoKWTJTbq77VNStM,Don't Care About Me,0
27,더 폴스,0DHyNlgEaolgfVxPhyFDTq,space,49
27,더 폴스,1qAyputznbnPGaQkX0L9o5,Strawberry Moon,46
27,더 폴스,0JSRc0gSUIsXzo4xHe9BUo,cares,43
27,더 폴스,0RQ5avz3D3Ejhz9HsIaoFw,The Setting Sun,41
27,더 폴스,3invdyL5R4pYUZ8W9GmBA6,"So, Again - New Ver.",41
27,더 폴스,0LR1Wehm8Hmg4odY5z993f,Sun Shower,39
27,더 폴스,5ukCLkaZFBXfGLl1CxlMUV,Vancouver ‘23,37
27,더 폴스,3Ya48luvMSR8ciFcTf6nXh,Dream,36
27,더 폴스,0qrXGLQvNj5xM0oyZ09idz,Find Me!,34
27,더 폴스,0uYSygFzByUmyW7mIdEC7Q,High Tide,34
28,더 픽스,1p2a2BoWPOmBJUMlLAorL5,TICKI-TA,16
28,더 픽스,0gDbjB3enMvEUjfs3kI1LP,RUSH,10
28,더 픽스,4p7citldoikuQRjr83INXo,Oddventure,14
28,더 픽스,4ohBvA5ZXnEafhNiYIGuLj,Moonrise,9
28,더 픽스,59niWGn01WIdqSmFRNJb0A,DARK,11
28,더 픽스,3frf8auLXzPtILpyTgT5Sb,Do or Die,11
28,더 픽스,0XuyPxt6lfMiGevLL18TAC,CITY,6
28,더 픽스,474IAZmsVoWktWL9XUVldj,Time,5
28,더 픽스,3tuTmpPsTeku2nf4xD1hln,We On TOP,6
28,더 픽스,6jWLNdxH7JHN96dMxmXetP,REWRITE,5
29,데이먼스 이어,24ISyrkOgpc0IodIEUokog,yours,51
29,데이먼스 이어,7rhtve5MrYC0kM37RZy4XI,josee!,46
29,데이먼스 이어,62JBtqVL1qQO3SE3JuFimS,Salty,42
29,데이먼스 이어,3CWYNs1S8Zg5unts7nYZiW,Auburn - HEADACHE. Version,36
29,데이먼스 이어,32vWwLzy0inwkMO6aEvtXQ,August,32
29,데이먼스 이어,5M9jB26j9Yi3ro8qVBEvlE,Blanche,36
29,데이먼스 이어,405FiklG3MAiE2SfxNSlNG,TO THE UNDYING LOVER,35
29,데이먼스 이어,6eRu1yXfKag5bxnmyD9jYT,Busan,34
29,데이먼스 이어,7DbKW8s8bmE4uRVwuDQYgY,A Gate of Eden,30
29,데이먼스 이어,6Mw9SIaQmWOUO0eh59cmM8,Rainbow,33
30,데이식스,3HAkoNmThZhyFejhpRXXYI,예뻤어,49
30,데이식스,5R5NMy7zc7QPCfdvy8dvCQ,HAPPY,54
30,데이식스,06uScjJGabF4rIRdejWOaL,Congratulations,49
30,데이식스,4MwsWZDbTS2vUwfiwKW3c1,Love me or Leave me,47
30,데이식스,0EhdXt3y460mTRsi97Pyk5,한 페이지가 될 수 있게,52
30,데이식스,3krRfDqZgrYwOPU99wowFh,Shoot Me,42
30,데이식스,3BMAWsBp4jc35mCmebC3WT,Welcome to the Show,50
30,데이식스,0LcQLfS4gjaFyPReRdExtQ,Zombie,44
30,데이식스,5Invv3m92xZvztdCbZrmZ6,녹아내려요 Melt Down,48
30,데이식스,6pXrKg2fKzRICc0SghWrTl,I Loved You,41
31,드링킹소년소녀합창단,0cbjZV5Ttagjfn723XO5en,Linda Linda - Japanese,34
31,드링킹소년소녀합창단,3M1Sjaj866h4VqejE7Ak6b,I'm a Fucking McDonald's,17
31,드링킹소년소녀합창단,04EJoMuVtdnsSFzW1x5PF7,Linda Linda - Korean,16
31,드링킹소년소녀합창단,6kcHBBYyMPRtniP1hRvBjb,National Police Shit,13
31,드링킹소년소녀합창단,5TkEzSB1hGwj0ytAUZFMfW,Keep Drinking!!,11
31,드링킹소년소녀합창단,2HDhw1p8k614K2AZFp55bR,There Is No Spring,10
31,드링킹소년소녀합창단,3MBNzfpS3qBryZl5i6uVeY,Red Shift,8
31,드링킹소년소녀합창단,2f6xDiA7ofEq7YyoTE5WqQ,"BIG NINE, Let's Go",0
31,드링킹소년소녀합창단,0Yvz8ijrcXib12WeQISO3K,Let Me Lost,7
31,드링킹소년소녀합창단,3lCV6aKYUlZeZS7jBQdxds,Time,7
32,디폴트,7utePEo15d55WTQ4TsCsUq,Kind of Ending,5
32,디폴트,033zVZVSRG8hX1nXtdzpIt,Just For Today,3
32,디폴트,37COJftbCJ9Lyh2LGyZ1PQ,Bottomless Pit,3
32,디폴트,4ZmxZEFjuBL9drNyx5HCrS,"내 노래, 내 고백 (My song, my love)",3
32,디폴트,2ioUS6oQUc1foXURW1PCsL,여기 있었네 (Here all along),2
32,디폴트,3vcZWw1NFetq4BSCnImul2,Time Passed By,1
32,디폴트,1pa8yvcHD7fhUWSnPdznPX,Amaranthine,1
32,디폴트,5hS9zvAZjtqdPmatlEpq3A,Good Things,1
32,디폴트,0yGsDvMHVZIFf3XbpGXrFW,Moonlight,1
32,디폴트,0YX5EoqxWv8DRTnAgAQarn,Agape,1
33,라쿠나,5QEPqRHLTS837Od7mUgWir,Dancing in the rain,28
33,라쿠나,3ow8ESjCGO1Iob98QWzxbO,One Sided Love,27
33,라쿠나,2vZhQcFme5X52JfVTcRk2R,I Want To Be With You,27
33,라쿠나,0I7cu4uLecf71IpM8Wn10T,Dancing In the Rain - Wendy Wander Remake,26
33,라쿠나,1t4brrmAIeYghJ3QAAF5Ri,YOU,26
33,라쿠나,13HukOYtNe0njFlMNI23kx,Far Away,26
33,라쿠나,5eavA656hVayh6kDPI88ak,Always Summer,25
33,라쿠나,21bRopAfENk7IQKRGvz8Ce,do you?,22
33,라쿠나,3qFaJzvuHBYrtYuwikafFn,Summer Cosmos,22
33,라쿠나,0j9XpKtdxFDekO2NFoZVUD,I Love You,21
34,로맨틱펀치,1mRR4zN3C1mFIbfUMkJeQ6,Sleepwalk,14
34,로맨틱펀치,3UINfs6FQBFZcjtdHJhpL7,Moonwalk In Kyoto,12
34,로맨틱펀치,0TTxQr8bXlG43A2lHzKhKB,Saturday Night Fever,11
34,로맨틱펀치,1QnEKIrnd3X9bt8tRHadY2,Ready-Merry-Go!,7
34,로맨틱펀치,7uMSLftlrpT4Lm5d6WUixh,The Time Is On My Side,7
34,로맨틱펀치,1sZOlXIY5EUMxh7P36YuC6,Didn't You know,6
34,로맨틱펀치,1BdEXKnVTQfReB1DZEbmsH,파이트 클럽,5
34,로맨틱펀치,2S6LmfQK7TkN85IbN9Ed7N,Breath (Theme Song of Nanjang 518minutes Festival),4
34,로맨틱펀치,25AcAWIvAyR5RCRpDw3B5c,Da-Jung Punk Generation,3
34,로맨틱펀치,1Cu6bMtVlF8G8jvAFpdoey,Marmalade,3
35,리도어,3tbHqU6PKS2bIGWx9cn082,Forever Has Always Been,46
35,리도어,3R56jKicl9gSzdJxcr4wrd,Blue rain,35
35,리도어,2pfU9lw8L3BdOd1yV4V5xt,snow8,35
35,리도어,2ouP8hcQFleLd3y8HKB52C,Exaggerated Love,33
35,리도어,4P5PXEIBfApVbnDvypi0Li,What can I do? That′s what my heart says,32
35,리도어,5ARTLZQ44bm1xumlYupnzr,Still in Love with You,29
35,리도어,6iS9krnkTMDrEqRYhAjMta,Love Scales,28
35,리도어,2pZOMFV53KACLOLxkHSPOE,Fairy tale,28
35,리도어,7lFFoAHQIkChT8na7HHZrO,My blue wavy room,27
35,리도어,7rGdBx7aHUagudJGl22vzO,Under the Black Sky,27
36,리프,0DF9V2fVhl0UAYPV0fr0wL,Shurima,0
36,리프,4yX6XPEwCKFuCOtf96heWU,Superficial,0
36,리프,2FrYokvid8qhnd8nVRIWLZ,Dawn,0
36,리프,0abRyZ5f0Fx8Mt30ffu8fI,Loreley,0
36,리프,6keaJJpmER7NqjQLljoURK,Superficial - Instrumental,0
36,리프,5I3yQcqmspTtKyAjittZFW,Shurima - Instrumental,0
36,리프,4F2ApRwpYj7Y4WgSZ1MHKU,Dawn - Instrumental,0
36,리프,6UE4V04be7OkjB8duxNsUY,Loreley - Instrumental,0
37,마이앤트메리,59a8bElU9C0U0ZAewaCurc,공항 가는 길,18
37,마이앤트메리,4OUzkEm909aR8fkrA9B5qW,내 맘 같지 않던 그 시절,16
37,마이앤트메리,5HILgeHAObGjPKeCX4tY5s,골든 글러브,15
37,마이앤트메리,7239i16Nl443yMpjXa6TFk,푸른 양철 스쿠터,13
37,마이앤트메리,40a7sOTQD138ILAhx2gYDw,다섯 밤과 낮,11
37,마이앤트메리,6fD38mS2nFPPmt7XQ4VZ56,Night Blue,9
37,마이앤트메리,6XWwrf7d2D5EIqrrxLqQ9V,우리 사랑하지만 (feat. 지선),8
37,마이앤트메리,0fRumeZ2QEcpMy8OPYpbve,기억의 기억,7
37,마이앤트메리,3y0OnTutJxzB8spQ2y51e0,원,5
37,마이앤트메리,22YToCsqfsc63iEX38NDvQ,Into the world,5
38,매미,2jt6PzDKvyi9gcwILysaep,Sorry for my late reply,42
38,매미,4mIP0KkPQfZ8QNqmzff8S2,Guitar Pick,37
38,매미,5QKatPvF5K8IcIPUX2Ucji,LOVE SONG,37
38,매미,3bPiSdsK7TaxsxGUjUpHne,I don't give a,28
38,매미,4Kuc3VHJzsNxIYyp3efoDX,NY(f)C,24
38,매미,02XrPzjCjFSY7JHcr0CYfz,i'm broken,25
38,매미,5zNAHlkrT9rurZF08oGa5F,Bassist,24
38,매미,4TTdCUhdUcB3f6LAgWAeeX,Waikiki,23
38,매미,5Kah5B4ZdtnASMw1TRTye7,Thin Lips Club,22
38,매미,7LWbH2deTLDwVIXng6sudu,RocK N RoLL,21
39,매써드,0l43vYoGBl1Tp5TdlmZUF8,깊은 밤의 서정곡,9
39,매써드,5HL5EWsgsTZyGAc8Qyodo7,Passed by your side,2
39,매써드,13NlRO3XC9NEhhZCIDhCTJ,Circle of Violence,1
39,매써드,7AneM9hybbDdU7sKmcTMzX,야간비행,0
39,매써드,5RdaqZktw30xe0RB18F5Jz,The last stop of farewell,0
39,매써드,69TVjDBdUdwOFJ2oqojksu,Eclipse,0
39,매써드,21B8VXHK5SMxR1nWkx92oT,5492,0
39,매써드,7cG5xikXqs0Q7Ge3PI9Pmb,Nothing to Fear,0
39,매써드,2hep6X03grDHoCRmcVrN5K,Black Eagle,0
39,매써드,1VTCzOtvDH27JCtVJw7nNp,Madness of Death,0
40,모스크바서핑클럽,78FZO8IrNvegLUmCmJCgKm,Wish It Were a Dream,10
40,모스크바서핑클럽,73F9OgfSoL1L9OlqNVfD0M,moonightrain,8
40,모스크바서핑클럽,5x1vDNpyOH8oPucw9gd9qu,Ghost Theatre,7
40,모스크바서핑클럽,6LvRWlElWIaMeMfpoJT0tq,Prozac (feat. Kim Oki),7
40,모스크바서핑클럽,184wVgy7Khp5BUAqjbHGDA,Apartment,4
40,모스크바서핑클럽,1ctW6Kdj7XIvm2eSL3OmTp,Margarine,3
40,모스크바서핑클럽,6au7F6ZO93oebyzQLyCHBi,Low Flight,3
40,모스크바서핑클럽,1ueDBkFRSXE1q5eYyfHIMU,Maybe Our Songs Will Save This World,2
40,모스크바서핑클럽,5WiG0yzs2DxO8FKT80OiK8,Samramansang,1
40,모스크바서핑클럽,3mJCYStm0uZ6zBdX3kiuvG,Seismological Observatory,1
41,모허,18XpgvAee2Y7eQPYWo0lQI,Aside,3
41,모허,7Jt8nmJ3RXeyLGTMQxVgxD,Sand Grave,3
41,모허,5JM6l3uuTVPjB7PacRnQZA,Baksugijeong,3
41,모허,2Nys3gJERVcSFkIMQ3PnXN,Kaleidoscope,2
41,모허,26vLoiC1O2hVyIWnmKOwhp,Dabbling,1
41,모허,16NazWnPATrOQHkkQy4u7T,Woman Running Barefoot,1
41,모허,1XAkQupm5Q8akD6M5JhTkZ,High Noon,1
41,모허,6KPt3FZgBquEexDrHEsf3o,Poker,1
41,모허,545Bn4yIWimC0k5BEDAlGM,Nostalgia,1
41,모허,5AwhAk0QD1BtXYcEtyLqKL,Name,1
42,미역수염,5WgluEWeQ232iWKWeS3Snu,FALL,6
42,미역수염,7whQxpgHfFdcKZIRzJyG4g,HEX,5
42,미역수염,4WSXLJXDATfgKyrXsohL8Y,Seaweed Mustang,5
42,미역수염,4fEX55odQSyZQmEjD1lQOW,DAL,4
42,미역수염,3WLt3yUluasrILbGqnfLXv,In the wind,4
42,미역수염,10kJVxp0VzKoaw6JMeOWfa,CTF,3
42,미역수염,44vzPBNHRpdd67LtW1hVOV,My mind,3
42,미역수염,7k857pPk08OiqIs07PyOqi,18YEARS,2
42,미역수염,6U2BCcHrPti82xRz2llCsA,GOODBYE,2
42,미역수염,0nHUBFtqIfdJ9JL2xxmDJi,GAHNG,2
43,바밍타이거,5EOZTsZ3szMYaIm7POU4aX,SEXY NUKIM,45
43,바밍타이거,6OpaQv6zbOtpWno3eJbiD6,Wash Away,28
43,바밍타이거,67jY28XGWZzr5YaOju8AIL,Buriburi,43
43,바밍타이거,6wJVyf1NuyO0uApAQ7JcKb,Spirit Chaebol,42
43,바밍타이거,5Ia2ATY9TFPbvkNgVtriDu,Big Butt,39
43,바밍타이거,4PSR7IZ7pS789At0izH1o5,Trust Yourself,35
43,바밍타이거,3o0wqvryehBVqXW4uUmpg9,Armadillo (feat. Omega Sapien & Byung un),36
43,바밍타이거,5gIOktFwX7sCpcllYCPZNO,SOS,32
43,바밍타이거,20BxzpGJ18yF8JW9JkI5aB,JUST FUN!,33
43,바밍타이거,61ZJeX2fcxXEkBwOyc8VPG,Cunning City,32
44,바비핀스,3LKXULV1TxVTaBKADqo4Zl,결국에는 다 죽어,1
44,바비핀스,3ZpSF4gGyNubyBTtaRhlhY,Autumn Color,1
44,바비핀스,0xLfKXJta9gzJzwzgGJUL9,Did It For Me,1
44,바비핀스,23kBGZcjdW9om9y8W1I7XS,Sage time,0
44,바비핀스,7GX8OOmObSRA6VP8VGmLym,Crossroad,0
44,바비핀스,0R2qH4dU9KUgc4ZtcRPVox,5 Years,0
44,바비핀스,1YvOyWRZlvrEPSEHyjU8Qe,Soloist,0
44,바비핀스,1k47CGuAV4hChb90fUZObm,Battlegrounds,0
44,바비핀스,2h1nyZ7wCU23h1qBQ4PWuw,Goes,0
44,바비핀스,5KbgM3fIYBqH1UzGOuyD4j,Cat Hair,0
45,박소은,58uXTOsAxceman70g0WeUO,You Are My Literature,33
45,박소은,5TYYhE3FXjaFnMXJjWCYNl,Music n Movie,30
45,박소은,0Q4JOQkwgvFju36nxz8u3W,"See The Eyes, Fill It Up The Glass",27
45,박소은,6FPvHr4oLddJr6fpNqo6S0,일기,25
45,박소은,4mDdanc2IHWC48Ng00Bvoz,Stuck In Wheels,23
45,박소은,2Su70pAje9nfuf5VpxzY33,Time Flies,21
45,박소은,73a37NVjS5Is3rTciwcikd,Ordinary Romance,20
45,박소은,5Fouik9cuMDtyl2V1CONkz,Tainted Love,20
45,박소은,53onsTKSFtwWGsN8xgpEbH,Every Single Day,19
45,박소은,44KHLLOtEiIstYYnVWzkW2,Life Things All Fall Apart,19
46,베이루트택시,2j9YTEF3yc8fJ1sPQCTNiZ,Eonni,1
46,베이루트택시,35BghXLVyUxmvCfVT25Cdh,Moraeal,3
46,베이루트택시,6pRasBb55MqxuyFGXYRrkh,Flower,2
46,베이루트택시,2n3X5KtypOXaIgCepBO4vs,Hareubang,2
46,베이루트택시,00TZMfr4F0sU6TazRlDOMc,Grass,2
46,베이루트택시,6pngc7Sm5ix1wygNHcXonF,Intro,1
46,베이루트택시,2XvMk6hGQ0TDKnb0jKWOjV,Unbalanced,1
46,베이루트택시,1sxLIvkvSYFD4bFZsbDU03,Thieves,0
46,베이루트택시,4vPw9nlzuMorfhEIvvMiRS,Confidence Game,0
46,베이루트택시,5QocOsVxHsSzRbBwoilyen,Surfer's High,0
47,보수동쿨러,5cqBLGTic49hsZSPflkQV1,Kill Me,29
47,보수동쿨러,3lMOow79zCsKmBlxBiWc1X,0308,25
47,보수동쿨러,0R2ryymqLHObpihcGCgMWb,World Tour,25
47,보수동쿨러,3ytsxIZUcQaEXpaKVvzRWU,Clementine,21
47,보수동쿨러,6tjlGlriMtOPr0g3VSTOIo,Cotton,20
47,보수동쿨러,1KECQzPrgor6q5zg2I71Co,We live in the Jurassic Park,20
47,보수동쿨러,45L4OnPPMBd5Sr3jCX7uMU,Season,19
47,보수동쿨러,5jXMdPAy6qaF8IScDFqZNR,After This Summer End,18
47,보수동쿨러,7vOkJsWdlHZF2NXwliYsrg,Sand,18
47,보수동쿨러,6VwdHi5cCPgPmR0C1yk1zF,"You Were Here, But Disappeared",15
48,봉제인간,1dP9oSPcXCe9rJTlth0tnZ,12 Languages,18
48,봉제인간,4lL9vNnwOvqopBxxFZMnza,BABY,16
48,봉제인간,62n4Fv2LF86hDkJyeb5NZf,Know You Did,13
48,봉제인간,637aU7AYlA9cglvyEKWAZR,GAEKKUM,12
48,봉제인간,2kx4bHNlACOSd3wCRlV9hF,Guitar Hero : Dreams Come True,10
48,봉제인간,3y6bdi5VaKoupFBptkrbIU,KISS,9
48,봉제인간,4Kdamb921zZTAYXCt9ouXO,Twist it,8
48,봉제인간,6WADr7z48QHyFJ81dftE4Z,Kkubureong Granny,8
48,봉제인간,5xhtezdYBp7opJNnptHQ1N,Team Veteran,7
48,봉제인간,3r4abU46t50nPsNQ0glNSP,Night Running,7
49,브로콜리너마저,7m54y7WMXPTP7qovqCUGK9,No More Encore,30
49,브로콜리너마저,3EPQ3QX5KPVR0MOomp6euX,Dancing in the Moonlight,28
49,브로콜리너마저,2hSpLdUAnk6y9vQyVyoSBt,Can't Soothe by Love,27
49,브로콜리너마저,5kjZCYaYrZPtifvCExm5lY,Dance,26
49,브로콜리너마저,4Dypfcq5Ja4nF3OBMBxmIA,Don't Cry,23
49,브로콜리너마저,2BUQcF6uV2swchD1mxOEOB,Citrus Tea,22
49,브로콜리너마저,7GUxZU8OkpNQ6mAHZFgJxA,I don't want to try too hard,17
49,브로콜리너마저,6L52w1Pc4rT014YBhhWobJ,The Possible (Feat. Kim Sawol),20
49,브로콜리너마저,1aYCDZTG2Qs3DvMU3FjfI4,Graduation,19
49,브로콜리너마저,7pD3hmriwohHkz2qnhsltu,Introduction to Communication,19
50,브로큰 발렌타인,48PL9fQVi2AApLViY2Shpw,알루미늄,26
50,브로큰 발렌타인,4Uir5KMDIG15rwJX0zCCsg,Quasimodo,16
50,브로큰 발렌타인,33PnWL5Hc1V3euSVPQmpZg,난 여기 이곳에 있겠지,14
50,브로큰 발렌타인,0BTVqCX97nIhqN9NybYAlN,Get Your Gun,13
50,브로큰 발렌타인,3Sy1xeQUvSCLIGNXvXEL1s,As time goes by,12
50,브로큰 발렌타인,2wsLj5bXuyMNaGYJ7a4dI0,Everything,12
50,브로큰 발렌타인,4Uql7f8ZBGc4TzZlox8t8V,Answer me,11
50,브로큰 발렌타인,06fx4xPj9l3FhEnkEujH6A,Noname Pt. 2 - 2023 Version,9
50,브로큰 발렌타인,1fTKIyXOHXxsuCV0AVG1vG,Alien,8
50,브로큰 발렌타인,20e170q5DpWVan3b85NGD0,Every single day,7
51,비비,0TQoxRybRBuKktu7VKA92w,BIBI Vengeance,25
51,비비,5juCu4WFTFRZ2XilopAMTy,Bam Yang Gang,60
51,비비,0v2Qgk39gLXMIJi6BY34Fz,The Weekend,59
51,비비,02mGPF4589DiiSdoH0pu1d,Derre,56
51,비비,245onUPHGD1DYuiacxTuW0,KAZINO,55
51,비비,53x0Yk1qOyurd2MefyF3Ny,Feeling Lucky,55
51,비비,7GkHIsnziYgk6j1lx2TK6H,"Very, Slowly",54
51,비비,2Lf2P7Hei9O23LeZQACn8E,Restless,51
51,비비,5FJqpWkacWPUrXtJ5waI1j,Sugar Rush,51
51,비비,0zPbUxvYRlCGwruakkXPLI,BAD SAD AND MAD,51
52,새소년,4TBHfv2isYco3fNKjQ8oSI,NAN CHUN,51
52,새소년,3tqUaq6JjHcN34WZb70FyY,Winter,46
52,새소년,437zT0VOOlmLuhq6ugODHA,Go Back,41
52,새소년,2LQJZcCEfTG1v087gaaMMj,A Long Dream,40
52,새소년,10pPVtBqzltJkmeD7fbsJn,Dong,37
52,새소년,0QqLZpAyljjrWK5PRIx2kl,Ung,36
52,새소년,5fXIzJRkr08Oo57zY2sXQo,New Youth,36
52,새소년,08Iek8on97Pw0vywczzWIz,Midnight Train,35
52,새소년,1XLr28kSkIHTnypWwlZuwM,I'm Watching a Loneliness Just Arisen,34
52,새소년,1hbmFI3DdGqFJn4wnrQlF4,The Wave,32
53,선우정아,4jo1vWSksZ88INZrc3EEhz,Silence,48
53,선우정아,5NVkktUlAylhk7f0t63eth,Beyond My Dreams,44
53,선우정아,0ief8XiPhjH0ggse5IhsQ0,Run with Me,44
53,선우정아,5l4dUjmoMoPaobxwjOZYPY,Propose,38
53,선우정아,5naUy3DInK9w6phVgZKoKk,In the Bed,37
53,선우정아,0iqDP1dGD6taLX9cuLb0wJ,Cat (feat. IU),34
53,선우정아,6ChPSpcpyuFT8C5HMTlezz,Darling,30
53,선우정아,1RvBdE5Xvzlf2pRz1ZFcfX,You Can't Stop It From Bloomming,27
53,선우정아,5Egz33cmfpoy40luTMcZsK,Silence - Instrumental,27
53,선우정아,4tHETrzVBsR50PKRmw9yZA,Going Home,26
54,설,1Dqo8RY50LMCvjjA3kOrNZ,Dry Flower,35
54,설,6tVKPxx1xz5Ve4yPS4sD5H,Snow,34
54,설,0nLYT2mTu9dzCg6pbuCNv8,Hot Air Balloon,32
54,설,2AmFJKuVIdW7fayLvZQ3aR,Don't Say No (Feat. Jay Park),30
54,설,166iAk7X9kL8MflEfDm89P,The Lights Behind You,30
54,설,7bpGwwCEJSWYOee39OpwBC,ringringring,25
54,설,11xJzjqdO6as2OEBfn2Fl7,Beside,28
54,설,6NAChFvr3AKngaem6hGN93,Stay Here,26
54,설,3LwcrhfpSIoKYqT4c6CcC5,DETOX,25
54,설,0aASmPgngno02hD1hQ1IeE,Humming For Sunset,23
55,세이수미,1Qhcx4uDQ4RFy9m4mKdzUN,So Tender,42
55,세이수미,62DVr5HPrKmJCK4kgBHQjw,My Heart,24
55,세이수미,0BTaF7WdhyGDuYoQJtv6vb,Old Town,24
55,세이수미,5FyAoLd523NbvHcfQu1yul,So Tender - Instrumental,23
55,세이수미,66QzJkyag2NRX8d8R5HTpU,Dreaming,20
55,세이수미,4yjHCyi8dSX7RB0wx2ribK,Let It Begin,19
55,세이수미,3aTJ31zrQycUTaRFY0Eb5H,To Dream,18
55,세이수미,5pQEVqVONaO8AlWXdmKdye,Around You,15
55,세이수미,6E19Ut1SemFaD3MQueFAZf,But I Like You,15
55,세이수미,0xSn8K45u9yOIDZysjwz20,Season of the Shark,14
56,소음발광,4WSspOeyMTKFuWvmzG2B22,Fall,6
56,소음발광,6C4L6wcThd7kYAD7Pbnqe4,Midday,4
56,소음발광,7gsw3aPrzDnYStuTJdLQFP,Happiness,3
56,소음발광,1yFnEe7SO2bKNRM1zdAQtw,Black,3
56,소음발광,2IfwzSsYHVwPlc2qhzZl7z,Dance,3
56,소음발광,1TmBC8NujMXGK5ECOMvK4k,Terrified,3
56,소음발광,5MyyzNJxJ4LPEcKG2H3EHj,Hammer,3
56,소음발광,0Dzzj0rReOIHXknIAXtLjD,Hope,2
56,소음발광,43ynBBHOwj2P5Z30wf7w0F,Step,2
56,소음발광,2iN7sD9AYqlcwV93dVRWZi,Ember,2
57,스킵잭,0efYmTztc7hzng2hQRzUjo,Icarus,11
57,스킵잭,7G4dL9ZKC8SgZgrJNiHjS0,Deus,6
57,스킵잭,3ISBhGt6CRVEflSlRdJCRa,Amphetamine,4
57,스킵잭,0xD3JfB4IHj3kfsixYxwmj,ARHAT,3
57,스킵잭,6y0m2ZqxryJvRtjSlW2Uw0,Nightfall,3
57,스킵잭,5oHQBGcQ8DPrZvjGpJj6vz,Push Off!,3
57,스킵잭,3BtgwnRciqzh2Ni5roln90,Invisible Hand,2
57,스킵잭,5C2dDlsHplPaAMAgST7PCZ,Gretchen,2
57,스킵잭,0l7b7DvEirmeygCDEfcRdU,Dead Alive,2
57,스킵잭,31BcLJxiDmfU9GEuFgopy2,Daydream Girl,2
58,시네마,6rN0zooodUhaTrNM5MlT8L,Get Out,20
58,시네마,4BQqh5sZc3ccOKOX8XFZaw,MOBYDICK,12
58,시네마,7i0Z1ID0SxDW71oKO7JjK9,Consolation To You,8
58,시네마,5NI6ozpUUd8HlIt0vkbK5p,RUN,8
58,시네마,2mPbK7MvB81iCKbT36634f,항해(Far away),7
58,시네마,2DnigTK6XWESsBwcQRRYCe,Consolation To You - Inst.,1
59,실리카겔,4Tz8G2vbDj5GF3FDBC2Pnd,NO PAIN,45
59,실리카겔,0dpcP3g0O9uPkyruGfVKi8,Tik Tak Tok (feat. So!YoON!),40
59,실리카겔,0haCeyoW7lP7PNRu3RnSZZ,Desert Eagle,40
59,실리카겔,17vrLqb5dY7f8GzIc1GR4K,Realize,37
59,실리카겔,0OeRNx8XALsu6pHzYeUvli,Kyo181,37
59,실리카겔,11Ndi6W2TSe8f4jNRb0ZgO,Ryudejakeiru,35
59,실리카겔,1YE0liXdTUDWnaYOhwL2o0,T,31
59,실리카겔,5T86w25y7uSQkS2EWK9E1I,Andre99,33
59,실리카겔,3fnFbdU7ryWUriIUhhRXpE,Mercurial,30
59,실리카겔,5Fo2XhCLFLa1u4yK08VWbi,APEX,31
60,아디오스 오디오,7bs0t06xxrWxI1dhY28j2f,Make One's Way,21
60,아디오스 오디오,07EdSVQWC72Ksmr7ebXNxT,Letters to you,14
60,아디오스 오디오,1dJBqbvicVQL5LNwzwCWHH,Sea of Dream,14
60,아디오스 오디오,6cBfo58EjbvXHck0PuW0yE,Embers,9
60,아디오스 오디오,1rONIJ41tVSGD7Hy58lMkC,PING,9
60,아디오스 오디오,6EjhHqJL8NwsHdlOQ16JtQ,Flowering Plant,7
60,아디오스 오디오,59J1cAHTGOeYjCxv7wq26w,My Stable Tomorrow,7
60,아디오스 오디오,3vTaNDSLllIGk5QgvmiuSG,Take Me Back,6
60,아디오스 오디오,4rq8egGkKVhtE9wivydo6g,Parallelity,4
60,아디오스 오디오,4MnuJT6gi8BkEcCC7KMwrF,DISSOLVE,4
61,아마도이자람밴드,6XyErZ3AGXV5xkUY2pWWya,Gracefully,1
61,아마도이자람밴드,3COIg8bFXl5lzmNYl5iu6c,April 24th,1
61,아마도이자람밴드,6wjnwfzrXf7NtO1xhSdjbU,The Man Who Has Gone to Milky Way,0
61,아마도이자람밴드,70kzFn6RgeT93yKdlddZyw,Sad Song,0
61,아마도이자람밴드,7Ji9EVlAD2keF4W9Smc8Vw,The Missing,0
61,아마도이자람밴드,0d0BSCzZ4yAMCx1i2UJHli,Milk,0
61,아마도이자람밴드,3enEnn3GEXR85GhcTlN7L4,The Dumb Soprano,0
61,아마도이자람밴드,16ZPnGdyMtaWVtsyyeDUqZ,Crazy Vagabond,0
61,아마도이자람밴드,19LC4fEvPSoGoZQ9JU3orU,cricket - Remix Version,0
61,아마도이자람밴드,7gsVOuFlvLELOaK21h2Zje,The Dripping Wet Rain,0
62,아사달,7gkUFpCUOiHKBk8yzyFnLe,Moonriver,2
62,아사달,63wrS0YGgn4zwp7bF7wT6S,Hummingbird,1
62,아사달,3opNLMU5Rui7A5P67PQjJv,등장!,1
63,아월,0c444u01V64C5zfV5V8m5f,haaAakkKKK!!!,34
63,아월,1eLt1qqQQdhSNomFZ7FqhD,YAYA,29
63,아월,746IIP4nhFrFcKXNkqtj2m,MUNG,28
63,아월,4A7rvcbLAO56xh3lxwEI6y,Bloom,25
63,아월,3mq0dLTh4wC8goZY3s6oLQ,Alone with You,24
63,아월,3ZbGV3tQ7nnJaqArImPw3M,Bird,17
63,아월,1NZqZJVEy7lydNqLxt45TS,Floor,16
63,아월,3BAihnnCxkqPwdKRpwRIuh,Birthday,15
63,아월,6YNToNXmJ5an9u29U9GugM,Finland (Feat. Sim JaeHyun),14
63,아월,3flRVIrwMpuW3PYn0w8guo,20+3,13
64,연정,5AnBbFVY3qsRzP7AaGLwqu,Hide And Seek,18
64,연정,2lSUPsWT6vOZQGhu70vdzr,About Time,17
64,연정,0mD1a2CGsRlS5lSc2ma219,My Love Song,16
64,연정,1aABRHB9e5ZjN6qzQawJkR,Love Needs Courage,14
64,연정,0Acl12MHOBc8AjRBRrdOXz,If My Last Heart Ends With This,11
64,연정,0X5vxS3bfXuO5vkIhTDjGW,On Your Side,11
64,연정,3QW2VxH4eT11MbEfTvanUU,Murphy's Law (Rock ver.),11
64,연정,65zaYJqu1O5zNiAG0kLGwC,What I Mean To Say To You Is,9
64,연정,5zoswG0HEWD07o9ufMGazu,Even If It's Not The Sun For Me,9
64,연정,2gDRVEbWnFBZVUGF6V88JR,Playground,8
65,오션프롬더블루,1tcRQkZyqzRSlQ3xUseeL1,sherlock,42
65,오션프롬더블루,3YRhajr2ECwLcCpONejGJF,girl (feat. BLOO),41
65,오션프롬더블루,2lCinwx9z9Fmr8kcXDei0c,AUTOMATIC REMIX,38
65,오션프롬더블루,4DgHeH6J9Zt4Sy9T3guUaY,necessary girl,38
65,오션프롬더블루,1X55aNgEX0J7rNQ8e21dxF,Perfume (feat. oceanfromtheblue),32
65,오션프롬더블루,6d4MZsxugjJJ0lNm2AgHpy,flying to the moon,30
65,오션프롬더블루,536h96UXYAosvJVTxA1fkK,Scent,27
65,오션프롬더블루,1o3ogHhbrU46ArySGvFshg,Come Back Home (feat. Yeeun),26
65,오션프롬더블루,3NJndq3xLJzTCop5JXUnZS,ice cream,28
65,오션프롬더블루,53uf9zkSH3kUpfLR8zN4OQ,Inspiration,27
66,우효,3eOXiUUfz9OhyVqoREsJYe,Dandelion - single ver.,39
66,우효,4H7u20alxuJTXEhPdYECbE,Honey Tea,38
66,우효,3xzl4MYc0YLQHJbaD6LxT6,PIZZA,37
66,우효,64KOSEJ9ZlV75JPxro5Chp,Dandelion - full ver.,36
66,우효,5UYFb1uulJIf8A44zT6OxQ,Youth (DAY),36
66,우효,5xX7oEKHN0H9VOjezo2ZaA,Vineyard,34
66,우효,2hjhz4W1fKcsuF20f1RT3Q,While Living Life,31
66,우효,4WBuPSTnvgDDoeioTJy0VM,Teddy Bear Rises,31
66,우효,3I8LhJlZpx1F8ri0enUQcY,Butter Chicken,30
66,우효,7GyHySXfWLFykNXhufortO,BRAVE,28
67,웨이브투어스,5VBjyOQzqlPNgdRPMM6prF,seasons,77
67,웨이브투어스,5mtTAScDytxMMqZj14NmlN,love.,75
67,웨이브투어스,6H67gFuycHyTOROX2M4bbs,bad,74
67,웨이브투어스,1MNHqDjKxhtn7YwLCpm7Nt,light,69
67,웨이브투어스,72UVMFjUAL6KJvwi36VBiz,peach eyes,67
67,웨이브투어스,2FZIabCRMEWAYfN69Ijn1U,homesick,66
67,웨이브투어스,3URe1bi21ftFK4zh5nO1P1,sunny days,65
67,웨이브투어스,6ZO96viUqhiRQpwxOYdwdE,bonfire,64
67,웨이브투어스,57KdzjdxoBml2rx0rajGRg,annie.,62
67,웨이브투어스,6vBr2tIHZKaMTpK7r99O3g,daisy.,62
68,유라,4RfVtka58I93lEnPsLlBEZ,MIMI,45
68,유라,0d6PXcdf0OTlfF16uQ7fh6,Rawww,39
68,유라,3P9jINw5TmUelQlm0TJGTY,RAL 9002 (feat. HEIZE),36
68,유라,64agZv9pDgEkQgfvNcBnBP,My Hair Is Green,34
68,유라,5fmDzAwCLpKYx1AEe9W3ny,RAINY DAYS,33
68,유라,3FX1sjJwRbQh7QKqK7eSF0,Laundry,32
68,유라,1llrs3s4loOC4eMaV1yc1x,"Flicker (Feat. Car, the garden)",32
68,유라,5VzcFSWkyCT3thruHGXsMR,수영해 (Virus Edit),30
68,유라,0cnAVbwpbOBcOkuC8yBFw2,my,29
68,유라,08yMOmydumplen59qUD4zf,L,24
69,이날치,6NpNPkpJIWMwm1cOZuOq44,Bird,36
69,이날치,5atGm2Ek2QCsfasyebyOfD,God of Mud,34
69,이날치,3zBDNnUOioHl3sN9iF5xl5,Tiger is Coming,32
69,이날치,5t2XHhWwKqgE3ZRmj8vVJ7,Look At Me Look At Me,26
69,이날치,0c3ANespplAKrkGzNvXjyt,Let's Live for Today (Single from Pachinko: Season 1) [Apple TV+ Original Series Soundtrack],25
69,이날치,4XLtUTMeXIgnoPr9DuzAx6,Hihi Haha,24
69,이날치,5yMr8TkBo7mMFAtbB1LPTz,A Fish Map,23
69,이날치,1oP2OJ0ok4Jm6lvDYmeRwg,Catch a Rabbit,22
69,이날치,7CUUFK91QDlx5aBxSxqnh1,Ultimate Prescription,20
69,이날치,6HAc7bhXcpeJlRyvj64w46,Watch Your Step,20
70,이디오테잎,1dBK30swlPUpcE9DC9iAiy,Melodie,20
70,이디오테잎,4vmTLcDMOEGncRhqLtU467,Help (IDIOTAPE Remix),14
70,이디오테잎,7skWwpfHG5TgJKgsvTsc71,Pluto,12
70,이디오테잎,7gqJWe4QrMXFpYHqdIU395,080509,10
70,이디오테잎,6qSjzNantZFYiYduIMTn5l,Even Floor,9
70,이디오테잎,6ED29XLpNtseGll1GAAZQR,Sunset Strip,8
70,이디오테잎,6J7wIcv1h1Dr2YWK2hpdUF,Vladimir Komarov (KIRARA REMIX),8
70,이디오테잎,3pDyMit08GhDziHIV9c4Xd,Toad Song,7
70,이디오테잎,6tv9PjWw8wE6gDf2KFEOQq,Idio_T,6
70,이디오테잎,5dRIYNRKKYPDBFRkuVZdAQ,Wasted,5
71,이랑,5QWLLhH7coXBotQq3vhv63,寬寬仔來到?的面前,35
71,이랑,18wAynXuKfQW5jqOyt7GuO,Glitter Path (feat. Lang Lee),13
71,이랑,2YNrv84MQ5SA4jZ8k3Us9d,There is A Wolf,21
71,이랑,67yol8XYMfwJMTFEhuEpaG,신의 놀이,20
71,이랑,6lQsYwi68qUDrPW6R04GtB,너의 리듬,18
71,이랑,0PfGvaK0tQO8KE8fBUog3e,The Generation of Tribulation,16
71,이랑,3FWGxaKZq2AccX0Xnv62B5,가족을 찾아서,15
71,이랑,4m5nefAXCteA2PWqnNUREG,I’m All Ears For You,14
71,이랑,6cmC1p8T5PQpeWfm5mwzSR,Conversation,12
71,이랑,4GJrG4CS5bQhJLL6Hu1iQh,이야기속으로,13
72,이무진,786Fx68VDlEbrtrz7MxyIE,Ordinary Confession,52
72,이무진,29MHN4pjwkSSKsGowRETGW,Episode,52
72,이무진,03qu1u4hDyepQQi2lNxCka,Traffic light,50
72,이무진,2ZTU8atPwouhoQSvxv9aQj,Coming Of Age Story,48
72,이무진,4ribiWWnI451QMRdOgByIP,Rain and You,47
72,이무진,5JpftUHeUzx3zWE6rZtki5,Sweet,44
72,이무진,2vA5M8uXee4amGQajyUMFR,When it snows(Feat.Heize),45
72,이무진,4uQsyh3FqtfUH0gzlpWlkJ,Propose,44
72,이무진,02gRcacKOFBBBIGVwnY1tR,The Last Christmas,43
72,이무진,0DIaeRuEDjfbGWkzoKktUF,Lilac,41
73,이상은,6kjIBvMBIYxy0fWUf9BFem,Someday,32
73,이상은,6KqQBjetYGhWZgKTPKSSQP,매일 그대와,16
73,이상은,29W9ouV9rv0YzmtBWog7vK,Around,14
73,이상은,5x1u6T8rENZMRGtCIcAfd4,Life Is a Journey,14
73,이상은,34oaPQSdQpSn1iMJ2X1530,Gongmudohaga,10
73,이상은,64E3GEuheLmWFLEaFCDmdt,The Wall,10
73,이상은,5lqOs2Dz6ikxYovDFkZvVw,Samdocheon,9
73,이상은,6GNvYeLu88KdLtWDNqEn6N,정읍사 (Pop Ver.),8
73,이상은,5XYzJrEtbudv6Zs8biaiZ9,Falling,8
73,이상은,2vADJRgL5uU0WUYTAOYfOo,A Bird,7
74,이승윤,1IxFHdxSdC5vK1mvxCE0BM,Anthems of Defiance,51
74,이승윤,0EJnZlXvstP3YgtiwYcy7s,Waterfall,46
74,이승윤,0nRalC3ENoAYEM1kTO7JAz,POKZOOK TIME,44
74,이승윤,5eek1iO2hgsffOssvVtICp,Empty Space Above,43
74,이승윤,5fIncTfHKPZUV0ddlAhDnr,The Giving Tree,42
74,이승윤,2gNtS3eqPOg9RcOLxWzYez,Intro,41
74,이승윤,5XULbmDVKK812fqvP61tcE,Strings as a Sword,39
74,이승윤,2uwmsvNcj4tdZ06NJ5b18t,Against the End,39
74,이승윤,3riITfrltgSsMmNXWVeEfR,An Ode to the Unseen Hearts,39
74,이승윤,2ALaNptGZ19QWECgDSAizT,Canon,38
75,자우림,3DmDPYRQYdYE5gWf2DiKn2,"스물다섯, 스물하나",51
75,자우림,5fC3bk8dQcHOHTAAzSWOBv,"Twenty-five, twenty-one 25th",36
75,자우림,6r0hfhaITECuZrEQTfrTLT,있지,30
75,자우림,3Dr62fqSkhJgtVfXXJeKsi,Shining,28
75,자우림,6ZpOLjmneyTh2apv5wzMqr,STAY WITH ME,25
75,자우림,4iNwoAcnUc4qgjOs5cfN5Z,17171771,25
75,자우림,0lyqOQHPupP6ruQ0f263WJ,"I am sorry, I hate you",24
75,자우림,5rtSUuJx5VMaG88z9YEJUa,Magic carpet ride,23
75,자우림,0spPlZg9yHPFMSTnFY8Tje,영원히 영원히,21
75,자우림,7JExsx3xFQhEs63fP0V7Xu,Song of Ha Ha Ha,20
76,잔나비,5BqwC9kOBbqYkzdOKeXFFk,for lovers who hesitate,55
76,잔나비,4YaKlkNVJNbrIqN82EKFsQ,A thought on an autumn night,49
76,잔나비,5mrIZ0lvgFr5wnrYbzV0C1,TOGETHER!,46
76,잔나비,1deQhoZakgMT5fw0t9zliD,"dreams, books, power and walls",45
76,잔나비,57rt6Jj7woE21ae3Ml2vw8,She,44
76,잔나비,4JmRth9mDEINhUNIpDYLQi,Summer,44
76,잔나비,4KU23Zay3Q1W0c0yJCNczH,Baby I Need You,43
76,잔나비,14Np50ZA2kLzYwtJezBFqJ,November Rain,41
76,잔나비,2rOA9vEsnpNB6L5XgmibKn,ASTEARSGOBY,40
76,잔나비,4SPZfnF7tn4Sfcv3iTjKCu,나는 볼 수 없던 이야기,37
77,잠비나이,12V7n0Cg0NM4mrwwUFWmDp,Connection,1
77,잠비나이,4XCrklfphNM7KoAXcdIFsw,Time Of Extinction,2
77,잠비나이,5lxwlzaTaQM8sTbGiuuX8V,Sawtooth,1
77,잠비나이,0lASGScVOTYg1diOVHaII2,온다,1
77,잠비나이,3BlCmn1q6bsTghgkMZJCeH,검은 빛은 붉은 빛으로,0
77,잠비나이,3bLXg68coAriifkcXuWzm4,They Keep Silence,0
77,잠비나이,4YlVPwAkZq5Jhvo6gpeoca,Square Wave,0
77,잠비나이,03a0nurpBJT23W27yOvUuj,저기 저 차가운 밑바닥에서 다시,0
77,잠비나이,589wupV8bgQbO4b8z9jofB,Glow Upon Closed Eyes,0
77,잠비나이,5AUuC9h4GVcjk2EaO76Z6f,두 날개가 잿빛으로 변할 때까지,0
78,장기하,7xwV244UE1fyGX7BlSa4GS,Cheap Coffee,24
78,장기하,1eQZKUSXyKuxql3ZVMIchY,Silverhair Express (Chang Kiha Remix),23
78,장기하,196vwD0wtg7XVC1j1Hn1jk,Envy None,23
78,장기하,0dty5MVQvMTktBLbg33Vbh,What Wrong Have I Done?,18
78,장기하,6tStqbjbMdMRzRWWNvlnqI,Do,17
78,장기하,47pkYXqtFl18EzJ3p8DyHh,How Long Could It Last?,16
78,장기하,26y6N11AEXD1srKSZ3ylyr,Haechi 1,12
78,장기하,3c3zPOaOFu8U5jDxMrnY8S,Why Do You Try to Do Something When It's Totally Okay to Do Nothing?,11
78,장기하,4zujFpLMZm48Ozy3rdNdVD,All,11
78,장기하,1z9utOXwAw6yXsk4Gv63zS,Do or Don't,10
79,적재,13jOUAJE5tHgidRLrmSpO5,Fall In Love,45
79,적재,1hyyH6xSgtcgwpNOR9cX1t,Do you want to walk with me? (Romance 101 X Jukjae),44
79,적재,7ePpQepOptZ1M9jRRydHsZ,별 보러 가자,44
79,적재,13TYjE0MVF38mPzkveRDxm,"Be My Shelter, Hold Me Close",40
79,적재,3ySSbGT5BepfePnva86js7,Letter,39
79,적재,7xU8MduijQhBEKTpBgVp2E,Moments Make Memories,35
79,적재,0gVYpQ8WwiOwTzeI5wn7F0,A moment with you,35
79,적재,54413VtpbmW1Xbhj0HoqWt,지금 이대로 Stay with me,34
79,적재,3B4AOfW6nDbCPb1pIEczJQ,Tattoo,34
79,적재,0DXnSV98JM6bwf4fWiUyKb,Holding hands or walking together.,30
80,정우,15UKEzGfL7RxP1oHVYrlfZ,From Me To You,34
80,정우,0QbrUmg3wVY0MNijTzMJWI,The Lamb,33
80,정우,4MBxYOetGDZUDJ02zHDMkW,Cloud Cuckoo Land,29
80,정우,1lqLcgZkwL2iCMFkMwhQJl,JUVENILE,27
80,정우,5ikqSCxv0XzfZWW5x0xI75,Love song,26
80,정우,6SGISb2p5ebnvpRUtIaXlr,Cumulus,25
80,정우,00C5vokdGAAR7LOiNVwspp,Skin,23
80,정우,0YfvNcf3TDTseh1kANH898,Daymare,20
80,정우,4egcdhIJIx8KulcPT1Wi5o,About Loving Someone,20
80,정우,2712T8qgYMjV2tk1U50XlG,Fall Dance,19
81,죠지,34HSEUn4YGAFBW9OHGIkU7,Boat,49
81,죠지,06ZjtFrSVuESKVe9bnZrNp,look at me,46
81,죠지,6VmavOAnMepekIwArBoEEH,something between us (Romance 101 X george),45
81,죠지,6nLK3EpVQLW1SC3lmlejoU,let's go picnic,43
81,죠지,67sYclP23NAkhQwYciJd16,ANYWHERE ANYTIME,39
81,죠지,0R4SiuGcwqpmsE9a7rm9ws,romeo n juliet (feat. youra),40
81,죠지,2Es42gZ3Rj0F7hOZ5876Go,all day,38
81,죠지,2jtUeOhBKxWqYVTmLvJBzW,camping everywhere,37
81,죠지,3eSKuoaZlzEbeExqIDEanO,somuch,36
81,죠지,7HPXWu2egtpfRBThcrIMXP,love in summer,35
82,지소쿠리클럽,3A76bRRuVaIJrV8mrVeb21,Peanut butter Sandwich,37
82,지소쿠리클럽,4JGiIFr49qQUYZlqsGhiZi,Take On,31
82,지소쿠리클럽,22dNi7hvJmfo4oJfZXjOuE,Horses,31
82,지소쿠리클럽,6NKAKulkYABhP7s63wbCDK,"work, shit, sleep",30
82,지소쿠리클럽,6K14UCl6PmwnmXxYOkfmeL,She's not straight,28
82,지소쿠리클럽,1adidOIc4dH3q7Vjz4TVPV,I Love u..r shoes,27
82,지소쿠리클럽,1cQKYKbN27DZbZe53JgEkc,If You Say So,27
82,지소쿠리클럽,0EOfImHjf3tfwh0MeWYzQD,Nothing,26
82,지소쿠리클럽,67fKXyqK3xnvMYlw4FQymk,Under the Sea,25
82,지소쿠리클럽,4B9GdhLzBOhvSMeLXDZDxD,Then Tonight,25
83,채무자들,4RtBdoHi66xSbn3wE9HZoJ,Skimming Stones,1
83,채무자들,4tYzHTzbGF8ISsODLmbmkO,Years Of Age Ending In 9(2023),1
83,채무자들,5XvK8EdT5mKBnpcXloa7Gj,Why Am I(2023),0
83,채무자들,7jjgT70TBKYrtiR5Vph0EF,Mast,0
83,채무자들,5dqTYxG2pbex5Q94bp330s,86(2023),0
83,채무자들,7c8VgBBQLYvgmdH9sf5mIZ,Barking Dogs,0
83,채무자들,49YsrFW31DpWI1fsH4pQmf,Relativity,0
83,채무자들,1vRbALEanqjWvGQf62DK1k,Why Me,0
83,채무자들,5PUgzMNPWCcH73faYzD1RY,5510,0
83,채무자들,5OUyrC3KEoIUrmrBZNSpQs,Dirty Song(2023),0
84,체리필터,0wdchmE75VwSL2zTAgbFra,sweet little kitty,36
84,체리필터,00ddDV60MFTJkWSGC7IGIv,flying duck,33
84,체리필터,3QLaYOmG5rEvIgIJ90nhXd,moonlight boy,24
84,체리필터,0XY1EvCKCCpkHr9TPnYezs,Happy Day,24
84,체리필터,4bukywaDtuziUGdNOeMK3o,Pianissimo - 2022 Remixed Remastered,23
84,체리필터,0uIpe02U08DCfnP2e6wTIa,낭만고양이,21
84,체리필터,6Zk6VMN8nIiIgyPosh5dgA,come to me,16
84,체리필터,6zWIZiEzUSTuyOWIi9jcXj,Peace N` Rock N` Roll,13
84,체리필터,72U6nQqKlag2K7qw1JUVpW,touch my ruin heart,13
84,체리필터,7EMrgjZOLONFAQkX2TZaJ2,a jolly witch,10
85,초록불꽃소년단,2ixuAmw8fl7tlSx776sCf4,Tokyo Motel,18
85,초록불꽃소년단,6jdqHdOxooO23hgXVR9Y90,She Was Just A Cute Tsubomi,17
85,초록불꽃소년단,715GOagFCLKiez9PNzeAT8,Suicide Boy,17
85,초록불꽃소년단,2QbO3pVYIsiFjKbtzIY4rt,Ginkgo Tree Boys,13
85,초록불꽃소년단,7H7ysxSTI88e26PjugMoVm,Eastern Youth,12
85,초록불꽃소년단,4AX7ppWsF4w8qzjk41vSTZ,DD,11
85,초록불꽃소년단,4X39eKCYk2eSCpKZv0TUbs,If Our Song Goes to You,11
85,초록불꽃소년단,6Db9JwUrjurnBlTwYK469c,A Midwinter Night's Dream,11
85,초록불꽃소년단,7ETFKqasbZchZH6gnCCZRN,I Don't Wanna Die,10
85,초록불꽃소년단,6dfwQKqIln2ZKFPpejLkNn,The Day We Can Meet Again,10
86,추다혜차지스,5hdIAY7Vnb2w2NPOAocWsQ,Ritual Dance,12
86,추다혜차지스,1zcNdkak03kteMBQSq3zHZ,Binasoo+,9
86,추다혜차지스,2ogPWKXKlp10ZCBDmwAinc,Eheori-Ssunggeoya,7
86,추다혜차지스,6MvZSUlDJN4T325pRdItYw,undo,5
86,추다혜차지스,6VHsdHBql8S19fIW709ThO,Soul Birds,4
86,추다혜차지스,2yfSvNI3PV9XGEvx2pSYZ4,CHAGI's CHAGI,3
86,추다혜차지스,2TBUSmOLizC1NEwcHN25ro,Today is the Day,3
86,추다혜차지스,5egRaw8z1FwhgjBTIjgUPB,unravel,2
86,추다혜차지스,2nFmLriFN8o8NHTSBcIhrl,Bok Dub,2
86,추다혜차지스,0JWpMhoXQ69yvvhrb3isRD,NMMG,1
87,카더가든,7wLJ4xzxNss5abZ1kXs242,Closely Far Away,51
87,카더가든,16YZbdkJtyvsjV8UKOwQBB,Romantic Sunday,48
87,카더가든,1y6dEjheBdnopNo0xDXJ9P,Scars leave beautiful trace,49
87,카더가든,30tYWTkLIQtZWnRIOqcHnJ,나무,48
87,카더가든,0hoRkoCB6eJ7WjYNQGC7eQ,Happy Ending,44
87,카더가든,5Xf2cIARIa9gwWf6m4DvME,Home Sweet Home,43
87,카더가든,797XRv2RhIp9qHeKG42HzD,"All Night Long (She is My Type♡ X Car, the garden)",39
87,카더가든,47Euae10UxFEcbnR9I9Vgt,명동콜링,37
87,카더가든,0tumsfaXAjtZKqF5Vi2QFH,Dreamed a dream,37
87,카더가든,4LYlWqZSPaLMk9FthWF0To,우리의 밤을 외워요,37
88,카디,2sa1g3kg5YZ38ljNXgka0R,Tunnel (With KARDI),25
88,카디,4qAyjztX1XDEO1LNJdW6NZ,7000RPM,20
88,카디,72hVq5YclFjHFfUuH3NTsS,Winter's Glow,19
88,카디,3oRw1Wqci8aww8fWildPza,Watchout,18
88,카디,0bXUxHyrMCXRpmD7lkad1m,No Need,17
88,카디,6vUuSAMmYuSVm9aWQIJeuh,Rule the Grounds (PUBG Global Championship 2024 Anthem),16
88,카디,5u796R4bJD6NJ258RDIWbZ,Havin’ a Good Time,16
88,카디,78geeFu4KoOywpuWzkoYj9,PARTY,15
88,카디,0j6TSAjmyq9A3pQf0VFsls,Zone,15
88,카디,0KQY6XjlrKIECJL8oqNAE8,City of Wonder,13
89,캐치더영,0IpNwzaz3rRJrVUEVKAeSM,Dream It,25
89,캐치더영,3oWoxdYVEWkKkKcc5xvZYZ,"You, Always (2025)",21
89,캐치더영,6wX86FZqAq5PR5RS0ZjO5F,Voyager,15
89,캐치더영,4xFgcZtLZQgGf8g9uNkMkN,YOUTH!!!,12
89,캐치더영,1odhJsLMn9A2QexqLFv29M,Wanna Be With You,10
89,캐치더영,5udVBiSlUROESwrHj1RtiJ,Cactus Boy,10
89,캐치더영,0QfPAHMEiMt6byBLixouhP,Talking To Myself,9
89,캐치더영,6XcprDcv5rtS4bWU1vtIEc,The Legend,9
89,캐치더영,2IJKj2GMmRnTzgiVPrhNme,Light On Me (1101),8
89,캐치더영,0noOTqpxrxOVWmg3joXKBS,If You Love Me,8
90,코토바,4anw7njgXqWoNABbWwAbEO,melon,19
90,코토바,5lfsjHcokRCsEjXul9TsUW,coii,16
90,코토바,28cZrg5bm25e5LcZJL8gFi,kyrie,15
90,코토바,0UsTi9F7ajW5Snu9MZGK6j,Alone in the garden,14
90,코토바,0F1L9edg4txghPSM2CADNf,odori,14
90,코토바,5qTwTJu5yGjomZF68WgCmP,reyn - KR version,12
90,코토바,24HGQKvNuXORD8m4kvUAaY,ice sea,11
90,코토바,5GqNhxUpQBBHugTMV6yidD,Free will,11
90,코토바,1f7c2QDWM7KWVQMXmarNbF,coii - Single Version,10
90,코토바,7lyWHvKsAx1N9CwQIDRCJU,Love&Art,9
91,크라잉넛,71yXrG7UY3myMhpn2QiMh4,밤이 깊었네 Oh! What a Shiny Night,32
91,크라잉넛,7L13P7XjzgJyENZZjITPcV,좋지 아니한가 Isn't That Good?,27
91,크라잉넛,0AcSCfVYcXgNgcrZdyZXOh,명동콜링 Myeong-dong Calling,25
91,크라잉넛,0JvKtUqGrzI0XZQzrMdxe2,룩셈부르크 Luxembourg,21
91,크라잉넛,4kFHd8N3mzYUNS0WFG4HmO,서커스 매직 유랑단 Circus Magic Clowns,18
91,크라잉넛,42OTaKIDWseqiU8qflqjap,말달리자 Speed Up Losers,18
91,크라잉넛,0hUZzSfrGN8rKlj7JKBbH4,Cleaning,16
91,크라잉넛,5UYwBzjTFzXt2OBdDKDh0b,Hero,16
91,크라잉넛,5I32QWIUiTn0t2oWaptmX7,비둘기,13
91,크라잉넛,11AzSXnKGHqpyJPg8PFLDD,96,11
92,크랙베리,0oPVZJBHdQudfqFLyNf9Yy,Trigger,10
92,크랙베리,1UFhEXOUvkptWU4jlSMgHt,Shed My Skin,5
92,크랙베리,6RlDvnicPzhGdICAZaHrC2,Excited,2
92,크랙베리,7y2sET4IuE20NZXuv1Vsx0,Counterfire,2
92,크랙베리,2JH0SU3vJeOozNs7EKLn0A,REVOLUTION,2
92,크랙베리,6rOIO9VumPDIpaEruzITsC,Machine,2
92,크랙베리,621x3oDNCh2iFER5IqBNUq,Only One,1
92,크랙베리,4gF1fWfrYdYPpYMFC6Yoqt,Machine,0
92,크랙베리,49T2Rg4REV033X9Hd2cRET,Only One,0
92,크랙베리,5OBouspAIefRfWFwtMrkXd,Counterfire,0
93,크랙샷,0IvTbJ6u1ywx0FKBPI7UGc,Let Me Out,10
93,크랙샷,2KGO8Uow0C9wjC0e4x9r0U,Get Over,6
93,크랙샷,4X0DBWiYrnxoWfmxMy5e9q,Follow Me,6
93,크랙샷,53TbTPtP4Dw0zkTevQC4pZ,INFP,4
93,크랙샷,32RHNN0stv1pEKACXFLPWx,Walking On Fire,4
93,크랙샷,6xwt39OYBZeiIJgdgESNjX,Go Away,3
93,크랙샷,3lqTFqqpJu0Uo99zieqAMX,Break Down,2
93,크랙샷,1E47Uyf0pssREXsTg4jfFW,Ready To Fire - 2017 Remastered Version,2
93,크랙샷,38eKT1518FWTL2bwCyzDe2,Break Down,1
93,크랙샷,1aWmLmyt1X8PkGDOu8lT6c,Moo Nyeo Do(The Painting of Shaman),1
94,크램,1Fo5rOI6Niiq3dDACBOuth,ANERGY,0
94,크램,64GUXcGq6hav5QLnEQ5pDJ,ANERGY - Inst.,0
94,크램,5gcO7DDi2yC1YRTpf6Seqp,You Crossed The Line - Dubstep Mix,0
94,크램,0MnKFv5TH1KWsSKXpfhSDT,Open The Fxxking Door,0
94,크램,0c9L1CJuyvhpmH7TmBeugL,Reckless,0
94,크램,75V0isLbpgutWZnCWx1nA0,Asteroid Alert,0
94,크램,6AM05Mhc6yHfBn70ybA6YW,EscapeRoom,0
94,크램,23RqZkLmLZFHwAv4pSgH8g,You Crossed The Line,0
94,크램,2mOrHAhGGcicUGyCts19Yx,Feeling,0
94,크램,6fd8rbvqtEeKvVOParxYGo,StartUp,0
95,터치드,48JjpKbGmbCLFw8eYN64x6,Highlight,34
95,터치드,12cQzyeSvhbxjFRlBhwwav,Last Day,33
95,터치드,5ikI8psesN1ZFPR3w5W1Jy,Night View,33
95,터치드,0gd4nhLObQ2fOEvQzBq9KF,Hi Bully,31
95,터치드,0psWDl3FJLx1QARN9XHqdK,The Dawn Star,30
95,터치드,0VPG5sVvdzxY8jy0wuIvu2,Shut Down,29
95,터치드,0u7mqw0JiK3AVL3lOtzgxM,Addiction,26
95,터치드,1cYysEqpy1sXNYkSn2Z1R8,Stand Up!,26
95,터치드,7Cn8T3Mhx1HPRF1xIBlO7P,Love is Dangerous,25
95,터치드,0SFpcbP6FH8Db6SXQQL6T2,Ice Fortress,25
96,파란노을,6dNk7wme2WgW7Sd6lYcCbL,Beautiful World,41
96,파란노을,46H9VQlQW2Aqf4zVY60cYR,Analog Sentimentalism,35
96,파란노을,0w5DKGccxr2uWY3pFbVeUS,White Ceiling,34
96,파란노을,0OFHufUvVOPvNKOPgbaDRn,Excuse,31
96,파란노을,6t90Kwo22FeYIgM1C6wD61,Polaris,31
96,파란노을,7Gi8tR6JoLx25QKa3ygICX,To See the Next Part of the Dream,30
96,파란노을,4AF4mDLQdUt2VfyISDEvxh,Gold River,28
96,파란노을,4VILGtiBLGG0SQeiWLW3pW,A Lot Can Happen,28
96,파란노을,2E22jCM4n5Yldl8Y9sLB9i,Age of Fluctuation,27
96,파란노을,5CCwwVc7CGu3tbbrnx8noX,Youth Rebellion,27
97,퍼지퍼그,4Z2RG98toFUsp2RazwZUDQ,Love and Peace,0
97,퍼지퍼그,3bu3gZCWa3778gS6lzYyEe,You Should Be Ashamed,0
97,퍼지퍼그,0ZBVvZVc6T150hXmgPfgLp,Trial and Error,0
97,퍼지퍼그,2JDvD1PoqPWkIovjZFSjyP,Give and Take,0
97,퍼지퍼그,2p3ASMaRLeGNKRL25ZswDW,Hide and Seek,0
97,퍼지퍼그,7lG9f5msJwOE6ajXBUd3nj,"1,2,3",0
97,퍼지퍼그,3RrrxwHGGhyCNIvBHTuTl3,Overdrive,0
97,퍼지퍼그,1iDNwHOwOP0xBdPjGjou6h,Jessie`S Out,0
97,퍼지퍼그,23VyS3et6GuW6xtD8L0B0W,Kang!,0
97,퍼지퍼그,0JoibOVtkXs4ywV0Ccajd2,Rock Guitar,0
98,한로로,4KA9VMFIKUUMjEcnwiylr1,Let Me Love My Youth,44
98,한로로,4kWRjkhMIGMnyWpYc8L7no,The last stop of our pain,40
98,한로로,7sxUb59tfiuzagetBF47AN,"Even if you leave,",38
98,한로로,3WvM2dIR9iIxMGNMP7WsNw,Landing in Love,38
98,한로로,3GNKwOjDJlqgAA85lgYTCC,The Compass,36
98,한로로,6DmGMahWoNUCqz54k986AP,Goldfish,36
98,한로로,5E7MmixrLwGiOvEkAybNpr,H O M E,35
98,한로로,2Wr6kLaSkUfgffOQ7nuMgr,Don't be afraid to fall,35
98,한로로,0orRPUR6XYEknr7oLFkk5w,How To Go On,31
98,한로로,3rJlE3EHSZcjOVI5fJZpgR,MIRROR,31
99,해서웨이,0R2ryymqLHObpihcGCgMWb,World Tour,25
99,해서웨이,7hJohqrezQ1FAj9MNJI7sh,Scribble,24
99,해서웨이,0nijwvAA5z1BVs32sSmuY3,love,19
99,해서웨이,3U6oTyFXo19b9faKHx9l3z,1392010,17
99,해서웨이,6n4v4aCed2UkvHFrFITL5T,Twilight,17
99,해서웨이,38dsb5nrFWnKU6ZLi0iuNo,hayley,14
99,해서웨이,2skeqHerF9pWHmuWGLhgM0,Wave,14
99,해서웨이,0bYIVfWJEiAH1PAGLa8pD7,boy,13
99,해서웨이,4r3wLEBT9P67gm144AoEgQ,Festival,13
99,해서웨이,5usfzZ1u5m95HdRz0xeC8F,Eclipse,12
100,홈 슬라이스,28HYFK2WfmMzLOZc9ND4lS,Homie World,0
100,홈 슬라이스,14iQELI21LpfDHwvAJ8Lg5,Pippen,0
100,홈 슬라이스,4NdkKfA0RqLpdlWqLZg4nM,Space Chick,0
100,홈 슬라이스,5R3ZfgkTkZbkut32KpEQNC,Mr Brain,0
100,홈 슬라이스,7wjyd5cw3ezkILZyl6Nbtr,Dog God,0
100,홈 슬라이스,0kXfW65Jd5ODq6tvK6bUvi,Jelly Vision,0
100,홈 슬라이스,7c3xa3U2c3TLUQTdGAtN1r,Face Off,0
101,화노,1vWvtub6ZiPgjGifozuvTW,Run,16
101,화노,5cVUHLhejExv0OdF1zNnsu,Mooa,12
101,화노,0ahGmXLKdNeji12zTQYp0T,Taxi,11
101,화노,3I4tSjQFjvcHlEkpT3IPRS,Night travel,8
101,화노,5Xp0SMt0tRxvQkcsw3fFth,Dive,4
101,화노,5fIFZvgIM44WYm7Qf7RQtD,Cobra,4
101,화노,37K9I0WyjlqQNj6Xuia2kv,Howl,4
101,화노,7cwTGgHEPb5qBxU5D0xMIV,Burn it,3
101,화노,4ddo5tUF26uAPjRfUIxd8W,Ryu,3
101,화노,0HvnZTJ5sO9jTOIvCtww77,Purple night,2
102,ADOY,0hx7Ee7zi8zft0gcv5BIcf,Wonder,47
102,ADOY,6hpWk3kV9phxtzxbzzXmIF,Grace,39
102,ADOY,0BgpmgvnvZg1FfLdATrCsr,Swim,39
102,ADOY,3IvsJEIrYbhS92dmycyDmN,Simply,36
102,ADOY,1I7LDTkosplUNc69ISjKJs,Lemon,34
102,ADOY,7bpmCG4sekwU57wUQeY83b,Balloon - Sunset Rollercoaster Remake,34
102,ADOY,2N9udjvetx4OMCA0RLFYEC,Young,32
102,ADOY,7fNr8S80vvOJtr0G186BBh,In Love,32
102,ADOY,0Gm7k2jwz8bKr4xjmr9IG3,Baby,31
102,ADOY,5i0vwqrXzsoEJgLYz5OJ1C,Bike,30
103,CHS,00kdoJCOpAuG5m7eBMPaLH,Too Much Sunshine - 2018 Remastering Version,29
103,CHS,75NDt6YwStctgaU5yotXAx,One Summer Day (feat. mei ehara),28
103,CHS,2nZUFQv6fEvyvkVwndttNi,善良是 (ft. CHS),28
103,CHS,2BXbixqzxYbdjW36Oqpohh,Beachwalk,23
103,CHS,5glmNSSaEsUpWzDcgbHsb8,Siesta,20
103,CHS,1DpNeVkMXfomNrKJCKnvhn,Last Sunset,17
103,CHS,2HLILGJjygkcCw18na3EEp,Wet Market,18
103,CHS,5uJ6veZRYNIoahiuIi5JnE,Swimming,18
103,CHS,6s8JvWu05onRz7haaxRpcS,Starry Night..,17
103,CHS,5QkDxwoO9ovaKcWIbverRP,Cicak,15
104,KAVE,2F6CENl6unVtch4oN2o7I5,You,33
104,KAVE,6dVSmP58VlJIeHLXFAQEu2,Stone,32
104,KAVE,0M4sqKTQ4cEKMvsaGnZ3ew,Venom,27
104,KAVE,39a5Sl5cBZVyRMn7D0kpEW,Legend,27
104,KAVE,4meqgF0XiXVAZpfNlRpIEq,Umm Umm Umm,25
104,KAVE,0YJWcdnUOzWCXLtqNhhwUd,Say My Name,25
104,KAVE,2ddWMga4MU3aGenaJO8K8d,Follow Me,24
104,KAVE,6B1NurhijLro1uh2Oa3L0i,Blue,23
104,KAVE,1gXlrsgMexwb0zLeGMfaVa,Dangerous,22
104,KAVE,7erQzAmCWHBLmQZt3NwIAD,Die For U,21
105,QWER,39gaUtq2z4ejJbno7tWHbL,T.B.H,57
105,QWER,1lTBkwEm0wim9RsMXqtqWy,My Name is Malguem,56
105,QWER,2kTKlEtnGx5z8oi4O06yqC,Discord,50
105,QWER,4eF3keUr7n9TXSl4NaZQOS,FAKE IDOL,45
105,QWER,1b2jcwnf3JwuyWiG3xTPsp,Harmony of Stars,46
105,QWER,7BoC7eEStVxZSBeLtLSoHv,Goodbye My Sadness,43
105,QWER,0VfOZBCILsIrkJPzw3WdvA,SODA,42
105,QWER,3loTXGyiVFwxpA40vL8KCj,REBOUND,41
105,QWER,3FoJ70aZmejxNw4rJQSmgo,Ferris Wheel,40
105,QWER,495QLv4XTKlMgcfKXmyuwZ,Secret Diary,40
106,Rad Museum,2V611MUVr8JYVkbqiphs4G,Dancing In The Rain,45
106,Rad Museum,2VRk8RyGvQWLX9yuFN6ivq,CALL ME BACK,41
106,Rad Museum,4fh1IH643m7h3rYt9YJvyT,S/S,39
106,Rad Museum,5eL4ypkjw9kWA5xW1U6OQf,Over The Fence,39
106,Rad Museum,3zWXVDxSvNDhAM4FYJri74,This Night,36
106,Rad Museum,4xudhJdYcZqWINzPMF14Pn,Tiny Little Boy (feat. DEAN),38
106,Rad Museum,20a5L61dRfYVk6XEJ4BVx2,숨,37
106,Rad Museum,4MGJsDj4jKDh4XPV8h3BAo,Off-Line,36
106,Rad Museum,1YmCmG5X9ACgPIM5JlOCg4,PAPER CUT,36
106,Rad Museum,3ceD59EBtF5Fa84W6fit6O,ROCKSTAR,36
107,Red C,77Q6jRN0nFfzxUJSt2du1R,그런 하루,5
107,Red C,7cuf9b88c399G4P2ZQnK2d,No Easy Worries,1
107,Red C,3pjLCbcIPBPfQCLqvOR1ak,Mature,1
107,Red C,1F7zjlgawnRqHM9iYW2pC3,Rumor,0
107,Red C,0J02TU8xzudQ44yNsjiUI3,Just Do It,0
107,Red C,7E8CcQLcl8yWPGKltNm0NK,"You, Loving Flowers",0
107,Red C,1Lil8xXEff8iu2ac9SUIjd,Don't Know,0
107,Red C,1lbfCaE91vodwUR4NRPtq0,Monologue,0
107,Red C,53mzZb94Qn0o77lfQYiNcr,Season In You,0
107,Red C,3RULMfadz6YahWlO9qJMD3,A Day With Me,0
108,Remnants of the Fallen,6rhldjzmBksMThXwlfkuio,Frozen Ember,9
108,Remnants of the Fallen,0l43vYoGBl1Tp5TdlmZUF8,깊은 밤의 서정곡,9
108,Remnants of the Fallen,7o97NghWle7U2C2xL6N1oh,Hel,8
108,Remnants of the Fallen,7eT7IG2RbHCJBxHroy6jVA,Face(s),6
108,Remnants of the Fallen,3E7jw7NoTurIfQOVpb5u2R,Hate and Carrion,4
108,Remnants of the Fallen,1ZTpMloQk1EJznOZ6104Q3,Deathlike Silence,3
108,Remnants of the Fallen,0ZNAPW31Bf9Iaep1RKuPnm,Disordered,2
108,Remnants of the Fallen,0DIUIWw3sk7vsXQGKEWbxC,Generation Sin,2
108,Remnants of the Fallen,2jIiU6erSm5cbnRsXqqmIW,Writer Unknown,2
108,Remnants of the Fallen,0mikyA1125yM3ko1miYLTt,Earth Eaters,2
109,Sailor Honeymoon,08q0upWHiRYD08Pb6Dd27Y,Bad Apple,18
109,Sailor Honeymoon,0O0GhdAcMZsprSzwsDVi4x,PMS Police,12
109,Sailor Honeymoon,3dX4DigiUmWX9LDDBjUKVh,Cockroach,11
109,Sailor Honeymoon,5Sp9hBvN38UIMxyfSdiajR,In Dreams,11
109,Sailor Honeymoon,2yXxA6sI8rdsTpGGg8ikxE,Fxxk Urself,6
109,Sailor Honeymoon,1cOH55jYmNd8gxk9oMBehK,두부천원 (Tofu is $1),7
109,Sailor Honeymoon,71H1KpIXlqmbCMEyaUmp7b,Tired Angels,6
109,Sailor Honeymoon,0SQWXA9jDJqVfqaJsIz77j,Count To 5,6
109,Sailor Honeymoon,0ksKyMPxkaDI5TnamF5MCr,Cockroach - Zaeeun Remix,3
110,Snake Chicken Soup,1KKvZXWdYQqj9832mcMd0G,MORE&MORE&MORE,7
110,Snake Chicken Soup,14FRoXqAW3x3r0mW3511fP,FUCK OFF,8
110,Snake Chicken Soup,49felPEffLKcvy0zGFizbb,So What?,6
110,Snake Chicken Soup,44JfJoPbbP56jst3ny1A2M,I Am My Own God,8
110,Snake Chicken Soup,2UZfuMQZZOh5U9AtpGqXt2,Smashhh,5
110,Snake Chicken Soup,1WN0Pt28nZKWlv0aPxgsKi,Dirty Room,4
110,Snake Chicken Soup,40HfejoUMvGap1dLx04xeF,Too Serious,5
110,Snake Chicken Soup,7rXSxXx8t8AuHZb4BrZcvm,What Can I Do?,3
110,Snake Chicken Soup,3gQq1wNKHf4vXaLQKKZ7wS,PLAY ME LIKE THAT,4
110,Snake Chicken Soup,5jPzZFuUJdWsWfYnlsrFwn,K!LL ME,2
111,The Sound,6qRCAK6gOHTGMBuXItHdWc,Ambiguous,3
111,The Sound,0KYEEZhGhhyKS9Q5Oc63If,Nothing Feels Alright - Who's Listening? Version,1
111,The Sound,30pUyDQ9lsGc8pyNeqU3cy,We're gonna make it,1
111,The Sound,436KPj7y3oAxwqeB4fZfV2,5 O' Clock,1
111,The Sound,4VqYy5b1JGawr6IUo02MKZ,Feels Like Holiday,1
111,The Sound,2ZpJAEOv2MXwqY735xBfHc,April Fools,0
111,The Sound,4rdvg1JvAp8YjMA32rQD1m,Yeonanbudu(OH! Incheon),0
111,The Sound,5OrI1JjnRACVbSndHueq70,Kick Out The Jams,0
111,The Sound,0Q41QZmN471Vz39lIvvroD,Love Hurts,0
111,The Sound,5nstEp6TSZtT7RHlCxbVhL,Feeling Good,0
112,TRPP,2PfCoilHtDdIJGRvRbj9dH,Yeah (Round and Round),20
112,TRPP,2mi591KXRdGMQywpDesRlb,Yeah,21
112,TRPP,5mU7I5gqHE81aDXP7CSj1M,Pause,19
112,TRPP,4tSEGd2PXVOrm97gF3jiZc,Honey,15
112,TRPP,5wDOOKQhIJD3ujJR3DtiuX,a Joke (feat. Yogoe),15
112,TRPP,2XhjmCzbPYCB2v7a5UVg9e,Coming After,12
112,TRPP,4uCRQzUJUtUZVw8IZWyupO,Limbo,11
112,TRPP,05Khe7a5ukAEQsB4t6NVNP,Go away,11
112,TRPP,3g2mZT7744uzNFET02iJr6,Home dance,11
112,TRPP,4cLUdcRWfhWNcWc7PrMP7F,Liars,11
