artist_id,artist_id_melon,artist_name,song_name,melon_song_likes
0,640712,250,모든 것이 꿈이었네,2027
0,640712,250,뱅버스,2160
0,640712,250,사랑이야기,760
0,640712,250,이창,631
0,640712,250,...그리고 아무도 없었다,506
0,640712,250,바라보고,467
0,640712,250,나는 너를 사랑해,521
0,640712,250,주세요,514
0,640712,250,로얄 블루,1808
0,640712,250,레드 글라스,612
0,640712,250,휘날레,1562
0,640712,250,Bang Bus,339
0,640712,250,이창,406
0,640712,250,두근두근 (Pit-A-Pat) 250 Remix,444
1,227741,갤럭시익스프레스,生日快乐 (Happy Birthday),0
1,227741,갤럭시익스프레스,我想要的快活 (Chill),0
1,227741,갤럭시익스프레스,亿颗原子的距离 (Nice to Meet You)(feat. 张新成),0
1,227741,갤럭시익스프레스,日月同辉 (Love Legend),0
1,227741,갤럭시익스프레스,蒲公英 (Somewhere We Know),0
1,227741,갤럭시익스프레스,白日梦想家 (Passion),0
1,227741,갤럭시익스프레스,你我总会有不舍 (Fade Away),0
1,227741,갤럭시익스프레스,送给来时的自己 (Appreciate),0
1,227741,갤럭시익스프레스,比天大的道理 (Mama’s Words),0
1,227741,갤럭시익스프레스,因你而来 (You Raise Me Up),0
1,227741,갤럭시익스프레스,等风来 (Live),0
1,227741,갤럭시익스프레스,等风来 (Instrumental),0
1,227741,갤럭시익스프레스,내가 왜 여기 있는지 몰라,4
1,227741,갤럭시익스프레스,내 마음은 황무지 (내 마음),50
1,227741,갤럭시익스프레스,내 마음은 황무지 (내 마음) (Inst.),4
1,227741,갤럭시익스프레스,내가 왜 여기 있는지 몰라,100
1,227741,갤럭시익스프레스,나쁜 것을 고른다,71
1,227741,갤럭시익스프레스,Don't Care Anymore,106
1,227741,갤럭시익스프레스,The way (redux version),49
1,227741,갤럭시익스프레스,넌 또 그렇게,68
1,227741,갤럭시익스프레스,넌 또 그렇게 (Radio edit),8
1,227741,갤럭시익스프레스,LAIKA,58
1,227741,갤럭시익스프레스,Forget it,41
1,227741,갤럭시익스프레스,DOWN,48
1,227741,갤럭시익스프레스,Turn it up!,73
1,227741,갤럭시익스프레스,나의 지구를 지켜줘,42
1,227741,갤럭시익스프레스,ELECTRIC JUNGLE,40
1,227741,갤럭시익스프레스,WHY,34
1,227741,갤럭시익스프레스,TURN IT UP,36
1,227741,갤럭시익스프레스,BREAK THE WALL,64
1,227741,갤럭시익스프레스,FINAL ROUND,30
1,227741,갤럭시익스프레스,야단났네,26
1,227741,갤럭시익스프레스,FORGET IT,30
1,227741,갤럭시익스프레스,DEEP DIVE DRIVE,23
1,227741,갤럭시익스프레스,DOWN,33
1,227741,갤럭시익스프레스,LIFT-OFF,21
1,227741,갤럭시익스프레스,DO YOU WANNA SHOUT,24
1,227741,갤럭시익스프레스,OVER THE DUSK,21
1,227741,갤럭시익스프레스,다시 한 번 한 번 더,20
1,227741,갤럭시익스프레스,EXTERMINATE!,17
1,227741,갤럭시익스프레스,HIT THE TRAIL!!!,24
1,227741,갤럭시익스프레스,A BETTER TOMORROW,20
1,227741,갤럭시익스프레스,빨리빨리,22
1,227741,갤럭시익스프레스,DDDDANCE,21
1,227741,갤럭시익스프레스,모르겠다 몰라,20
1,227741,갤럭시익스프레스,WILD CAT,22
1,227741,갤럭시익스프레스,DON'T CARE ANYMORE,45
1,227741,갤럭시익스프레스,SPACE JUNGLE,27
1,227741,갤럭시익스프레스,연안부두,68
1,227741,갤럭시익스프레스,The Way,101
1,227741,갤럭시익스프레스,너와나,1443
1,227741,갤럭시익스프레스,날 내버려둬,86
1,227741,갤럭시익스프레스,시간은 간다,305
1,227741,갤럭시익스프레스,이제야 알았어,162
1,227741,갤럭시익스프레스,순간을 위해,92
1,227741,갤럭시익스프레스,아무 생각 없이,46
1,227741,갤럭시익스프레스,Booster(바람이 분다),60
1,227741,갤럭시익스프레스,불 타 올라,51
1,227741,갤럭시익스프레스,환청,51
1,227741,갤럭시익스프레스,다시,67
1,227741,갤럭시익스프레스,허공 속으로,45
1,227741,갤럭시익스프레스,다시 처음으로,149
1,227741,갤럭시익스프레스,Be My Baby,443
1,227741,갤럭시익스프레스,호롱불 (Live Ver.),58
1,227741,갤럭시익스프레스,언제까지나 (Live Ver.),40
1,227741,갤럭시익스프레스,Riding The Galaxy,47
1,227741,갤럭시익스프레스,Cha!Cha!Cha!Cha!,49
1,227741,갤럭시익스프레스,너와 나,129
1,227741,갤럭시익스프레스,호롱불,390
1,227741,갤럭시익스프레스,How Does It Feel?,47
1,227741,갤럭시익스프레스,그 날처럼,49
1,227741,갤럭시익스프레스,또 다른 세계로,54
1,227741,갤럭시익스프레스,첫 느낌으로,85
1,227741,갤럭시익스프레스,언제까지나,1661
1,227741,갤럭시익스프레스,Forever More,55
1,227741,갤럭시익스프레스,부산 갈매기,73
1,227741,갤럭시익스프레스,부산 갈매기,193
1,227741,갤럭시익스프레스,피리소리,25
1,227741,갤럭시익스프레스,Noise On Fire,45
1,227741,갤럭시익스프레스,Youth Without Youth,128
1,227741,갤럭시익스프레스,Psycho,44
1,227741,갤럭시익스프레스,난어디로,99
1,227741,갤럭시익스프레스,허상,49
1,227741,갤럭시익스프레스,Kick Me Out,41
1,227741,갤럭시익스프레스,Shadow,27
1,227741,갤럭시익스프레스,To The Galaxy,38
1,227741,갤럭시익스프레스,Jungle The Black,458
1,227741,갤럭시익스프레스,Lost Days,65
1,227741,갤럭시익스프레스,Bye Bye Planet,168
1,227741,갤럭시익스프레스,Thanx,21
1,227741,갤럭시익스프레스,너의 작은별,44
1,227741,갤럭시익스프레스,넌또 그렇게,37
1,227741,갤럭시익스프레스,향수,94
1,227741,갤럭시익스프레스,또 다른 하루,33
1,227741,갤럭시익스프레스,Hit The Trail,25
1,227741,갤럭시익스프레스,불타는 하늘,27
1,227741,갤럭시익스프레스,Laika,48
1,227741,갤럭시익스프레스,새벽,53
1,227741,갤럭시익스프레스,여명의 설원,38
1,227741,갤럭시익스프레스,Soldier,27
1,227741,갤럭시익스프레스,Midnight Cremator,25
1,227741,갤럭시익스프레스,Hollow,21
1,227741,갤럭시익스프레스,Oh Yeah! 오예!,741
1,227741,갤럭시익스프레스,떠나는 날,157
1,227741,갤럭시익스프레스,지나고 나면 언제나 좋았어,265
1,227741,갤럭시익스프레스,나의 지구를 지켜줘,236
1,227741,갤럭시익스프레스,멈출 수 없어,38
1,227741,갤럭시익스프레스,문,29
1,227741,갤럭시익스프레스,난 아무것도 아닌데,92
1,227741,갤럭시익스프레스,진짜 너를 원해,523
1,227741,갤럭시익스프레스,Sharking,39
1,227741,갤럭시익스프레스,지나고 나면 언제나 좋았어,184
1,227741,갤럭시익스프레스,House Of 폐인,26
1,227741,갤럭시익스프레스,피리소리,22
1,227741,갤럭시익스프레스,Reggae 치킨,30
1,227741,갤럭시익스프레스,Love Is,26
1,227741,갤럭시익스프레스,쎄이왓츄웡,28
1,227741,갤럭시익스프레스,요즘 개들은 짖지 않는다,53
1,227741,갤럭시익스프레스,매일매일,30
1,227741,갤럭시익스프레스,빗속의 女人 (원곡 신중현),121
1,227741,갤럭시익스프레스,꿈의 그림자,49
1,227741,갤럭시익스프레스,Arkadia,21
1,227741,갤럭시익스프레스,Reverse,21
1,227741,갤럭시익스프레스,떠나는 날,52
1,227741,갤럭시익스프레스,나의 지구를 지켜줘,132
1,227741,갤럭시익스프레스,Jungle The Black (노래방 Ver.),50
1,227741,갤럭시익스프레스,홀로 이렇게 (김희권 Ver.),32
1,227741,갤럭시익스프레스,Come On And Get Up,51
1,227741,갤럭시익스프레스,홀로 이렇게,207
1,227741,갤럭시익스프레스,가요 (Original By EE),28
1,227741,갤럭시익스프레스,Worm Hole,16
1,227741,갤럭시익스프레스,오늘밤 너와,145
1,227741,갤럭시익스프레스,Lost Days (New-Recording Ver.),40
1,227741,갤럭시익스프레스,Break It Down ('프리스타일 풋볼' 주제곡),119
1,227741,갤럭시익스프레스,개구쟁이,279
1,227741,갤럭시익스프레스,물좀주소,31
1,227741,갤럭시익스프레스,물 좀 주소,25
1,227741,갤럭시익스프레스,머나먼 항해,54
1,227741,갤럭시익스프레스,난 어디로 가는 걸까,75
1,227741,갤럭시익스프레스,Jungle The Black,79
1,227741,갤럭시익스프레스,또 다른 하루,21
1,227741,갤럭시익스프레스,Laika,33
1,227741,갤럭시익스프레스,Midnight Cremator,21
1,227741,갤럭시익스프레스,불타는 하늘아래,21
1,227741,갤럭시익스프레스,Black Marsh,19
1,227741,갤럭시익스프레스,Kick Out The Jams (Original By Mc5),30
1,227741,갤럭시익스프레스,Ghost,18
1,227741,갤럭시익스프레스,Hidden Track,23
1,227741,갤럭시익스프레스,적기가,33
1,227741,갤럭시익스프레스,무지개,159
1,227741,갤럭시익스프레스,무지개,154
1,227741,갤럭시익스프레스,Midnight Cremator,5
1,227741,갤럭시익스프레스,Soldier,5
1,227741,갤럭시익스프레스,Laika,5
1,227741,갤럭시익스프레스,여명의 설원,5
1,227741,갤럭시익스프레스,Jungle The Black,6
1,227741,갤럭시익스프레스,검은 바다,5
1,227741,갤럭시익스프레스,To The Galaxy,5
2,107122,검엑스,187 Street,5
2,107122,검엑스,Punk Rock Bomb,7
2,107122,검엑스,Last Promise,30
2,107122,검엑스,You're Still The One,5
2,107122,검엑스,Steady But I'll Run,12
2,107122,검엑스,TRASH REVOLUTION,15
2,107122,검엑스,THE SOUND OF OUR LOVE,52
2,107122,검엑스,BUDS,12
2,107122,검엑스,FATHER AND ME,26
2,107122,검엑스,UNDERGROUND SUCKS,19
2,107122,검엑스,FINGER TALKER,14
2,107122,검엑스,MORNING TREE,7
2,107122,검엑스,SADNESS IS OVER (Feat. Yuta Yasuno Of Hawaiian6),19
2,107122,검엑스,NEW YORK BOY,9
2,107122,검엑스,I LOVE YOU BUT,14
2,107122,검엑스,NIGHT PICNIC,9
2,107122,검엑스,LET ME GO,12
2,107122,검엑스,NOTORIETY,10
2,107122,검엑스,TATTOO ON MY HEART,26
2,107122,검엑스,SADNESS IS OVER (Feat. Yuta Yasuno Of Hawaiian6),30
2,107122,검엑스,FATHER AND ME,56
2,107122,검엑스,THE SOUND OF OUR LOVE,47
2,107122,검엑스,TURN OFF (WORST GREATEST HITS EVER! Version),18
2,107122,검엑스,GREEN FREAKZILLA? (WORST GREATEST HITS EVER! Version),44
2,107122,검엑스,PERFECT (WORST GREATEST HITS EVER! Version),27
2,107122,검엑스,HYMN TO LOVE (OLD & NEW SINGLE Version),31
2,107122,검엑스,FLOWER N'SHIT (WORST GREATEST HITS EVER! Version),10
2,107122,검엑스,BRIT N'CLIT (WORST GREATEST HITS EVER! Version),16
2,107122,검엑스,THE WAY I WALKED (WORST GREATEST HITS EVER! Version),13
2,107122,검엑스,MY BASSIST LIKES THIS SONG (WORST GREATEST HITS EVER! Version),11
2,107122,검엑스,STILL WALKING (WORST GREATEST HITS EVER! Version),12
2,107122,검엑스,WHAT I WANTED (WORST GREATEST HITS EVER! Version),12
2,107122,검엑스,YESTERDAY YES A DAY (WORST GREATEST HITS EVER! Version),16
2,107122,검엑스,YOU ARE SO BEAUTIFUL (WORST GREATEST HITS EVER! Version),13
2,107122,검엑스,SOMEDAY (WORST GREATEST HITS EVER! Version),10
2,107122,검엑스,ALL ENDS (WORST GREATEST HITS EVER! Version),7
2,107122,검엑스,ALL ENDS (OLD & NEW SINGLE Ver.),27
2,107122,검엑스,THE WAY I WALKED (OLD & NEW SINGLE Ver.),40
2,107122,검엑스,BRIT N'CLIT (OLD & NEW SINGLE Ver.),44
2,107122,검엑스,HYMN TO LOVE (OLD & NEW SINGLE Ver.),174
2,107122,검엑스,GREEN FREAKZILLA? (OLD & NEW SINGLE Ver.),100
2,107122,검엑스,PINK LIPS,35
2,107122,검엑스,FUCK LEE,123
2,107122,검엑스,KOMM SUSSER TOD,107
2,107122,검엑스,THE ANSWER,76
2,107122,검엑스,BIG PIZZA,49
2,107122,검엑스,APERICAN CHIC [BUST A NUT ver],19
2,107122,검엑스,Silence The Enemy's Guns,22
2,107122,검엑스,The Road Untaken,33
2,107122,검엑스,All Ends,34
2,107122,검엑스,Flower N' Shit,15
2,107122,검엑스,불필요한 이야기,157
2,107122,검엑스,My Bassist Likes This Song,21
2,107122,검엑스,길,158
2,107122,검엑스,Someday,26
2,107122,검엑스,Hollow,36
2,107122,검엑스,Million Miles,24
2,107122,검엑스,My Song's Not Ended,17
2,107122,검엑스,하루살이,99
2,107122,검엑스,Drop Dead,12
2,107122,검엑스,Green Freakzilla,123
2,107122,검엑스,내가 원한 건,48
2,107122,검엑스,Road 2 Nowhere,16
2,107122,검엑스,노을,37
2,107122,검엑스,그리고,66
2,107122,검엑스,작은 나의 친구여,27
2,107122,검엑스,이젠,70
2,107122,검엑스,Loser,25
2,107122,검엑스,메아리는 돌아오지 않는다,23
2,107122,검엑스,Father,23
2,107122,검엑스,어디로 가는지...,24
2,107122,검엑스,7년 동안,35
2,107122,검엑스,Drop Dead,4
2,107122,검엑스,Green Freakzilla,21
2,107122,검엑스,What I Wanted,9
2,107122,검엑스,Road 2 Nowhere,7
2,107122,검엑스,The Way I Walked,8
2,107122,검엑스,Brit And Clit,17
2,107122,검엑스,Aperican Chic,8
2,107122,검엑스,Yesterday Yes A Day,29
2,107122,검엑스,It's All Over,11
2,107122,검엑스,Loser,5
2,107122,검엑스,An Echo Of Naught,6
2,107122,검엑스,Father,8
2,107122,검엑스,Why Do You Look So Strange Tonight?,5
2,107122,검엑스,Turn Off,50
2,107122,검엑스,You Are So Beautiful (Even Without Two Arms),97
2,107122,검엑스,Last Life,43
2,107122,검엑스,Perfect,110
2,107122,검엑스,Billy's Day,42
2,107122,검엑스,I Love Tramp,27
2,107122,검엑스,Never Go Back,32
2,107122,검엑스,Pain Ⅱ,29
2,107122,검엑스,Texas Song,25
2,107122,검엑스,Pine Tree,49
2,107122,검엑스,소녀(少女),605
2,107122,검엑스,Unfinished,12
2,107122,검엑스,Mountain,33
3,276166,검정치마,Flying Bobs,12288
3,276166,검정치마,Baptized In Fire (불세례),6984
3,276166,검정치마,어린양,4419
3,276166,검정치마,Sunday Girl,7666
3,276166,검정치마,Friends In Bed,5489
3,276166,검정치마,Cicadas (매미들),6989
3,276166,검정치마,Garden State Dreamers,4588
3,276166,검정치마,Follow You (따라갈래),5635
3,276166,검정치마,Jersey Girl,5033
3,276166,검정치마,Love You The Same,3937
3,276166,검정치마,Powder Blue,7500
3,276166,검정치마,Electra,6640
3,276166,검정치마,Min (미는 남자),12036
3,276166,검정치마,Jeff And Alana,3189
3,276166,검정치마,Ling Ling,12404
3,276166,검정치마,John Fry,5259
3,276166,검정치마,99%,5547
3,276166,검정치마,Our Own Summer,13844
3,276166,검정치마,어린양,7791
3,276166,검정치마,DREAM LIKE ME,11316
3,276166,검정치마,Ling Ling,1862
3,276166,검정치마,Ling Ling,18577
3,276166,검정치마,Ling Ling (Inst.),546
3,276166,검정치마,Kleenex,5981
3,276166,검정치마,Two Days,10193
3,276166,검정치마,Girl Scout!,6473
3,276166,검정치마,When I Think Of You,5517
3,276166,검정치마,Heavy Rain,6723
3,276166,검정치마,Plain Jane,6537
3,276166,검정치마,어떤 날,3729
3,276166,검정치마,어떤 날,10952
3,276166,검정치마,어떤 날 (Inst.),703
3,276166,검정치마,틀린질문,17715
3,276166,검정치마,Lester Burnham,9416
3,276166,검정치마,섬 (Queen of Diamonds),37807
3,276166,검정치마,상수역,18367
3,276166,검정치마,광견일기,5658
3,276166,검정치마,Bollywood,9283
3,276166,검정치마,빨간 나를,11554
3,276166,검정치마,Put Me On Drugs,8420
3,276166,검정치마,하와이 검은 모래,23728
3,276166,검정치마,맑고 묽게,12550
3,276166,검정치마,그늘은 그림자로,13699
3,276166,검정치마,피와 갈증 (King of Hurts),18787
3,276166,검정치마,난 아니에요,24585
3,276166,검정치마,Big Love,23009
3,276166,검정치마,Diamond,17653
3,276166,검정치마,Love Is All,31287
3,276166,검정치마,내 고향 서울엔,13112
3,276166,검정치마,폭죽과 풍선들,18257
3,276166,검정치마,한시 오분 (1:05),87498
3,276166,검정치마,나랑 아니면,132128
3,276166,검정치마,혜야,34731
3,276166,검정치마,EVERYTHING,39726
3,276166,검정치마,"기다린 만큼, 더",9832
3,276166,검정치마,"기다린 만큼, 더",151556
3,276166,검정치마,"기다린 만큼, 더 (Inst.)",1493
3,276166,검정치마,내 고향 서울엔,9022
3,276166,검정치마,EVERYTHING,171899
3,276166,검정치마,Hollywood,67412
3,276166,검정치마,이별노래,4406
3,276166,검정치마,무임승차,7210
3,276166,검정치마,Love Shine,44896
3,276166,검정치마,외아들,4416
3,276166,검정치마,International Love Song,36947
3,276166,검정치마,날씨,7761
3,276166,검정치마,아침식사,4559
3,276166,검정치마,음악하는 여자,4866
3,276166,검정치마,젊은 우리 사랑,20944
3,276166,검정치마,Ariel,6812
3,276166,검정치마,기사도,3921
3,276166,검정치마,앵무새,5317
3,276166,검정치마,뒷모습이 참 예쁘네요 (Feat. Kebee),1632
3,276166,검정치마,좋아해줘,23793
3,276166,검정치마,Stand Still,5556
3,276166,검정치마,강아지,9274
3,276166,검정치마,상아,4884
3,276166,검정치마,Antifreeze,57661
3,276166,검정치마,Tangled,6529
3,276166,검정치마,Avant Garde Kim,3699
3,276166,검정치마,Le Fou Muet,5384
3,276166,검정치마,Dientes,9056
3,276166,검정치마,Kiss And Tell,9449
3,276166,검정치마,Stand Still ('07 korean Ver.),4042
3,276166,검정치마,Fling; Fig From France,12412
3,276166,검정치마,I Like Watching You Go,11483
3,276166,검정치마,뒷모습이 참 예쁘네요 (Feat. Kebee),1379
3,276166,검정치마,Karma Chameleon,1223
4,230407,구남과여라이딩스텔라,불발,46
4,230407,구남과여라이딩스텔라,일몰,71
4,230407,구남과여라이딩스텔라,꼬여버린 나의 인생,56
4,230407,구남과여라이딩스텔라,봄에 핀 꽃,24
4,230407,구남과여라이딩스텔라,활명수,32
4,230407,구남과여라이딩스텔라,비틀비틀,19
4,230407,구남과여라이딩스텔라,소행성,22
4,230407,구남과여라이딩스텔라,멋대로 돌아가는 세상,28
4,230407,구남과여라이딩스텔라,동해,34
4,230407,구남과여라이딩스텔라,동해,176
4,230407,구남과여라이딩스텔라,도시생활 (온스테이지 Ver.),44
4,230407,구남과여라이딩스텔라,여름밤 (KYEJEOL Live Ver.),63
4,230407,구남과여라이딩스텔라,물불,221
4,230407,구남과여라이딩스텔라,망한나라,153
4,230407,구남과여라이딩스텔라,우리는 끝없이 흐른다,144
4,230407,구남과여라이딩스텔라,나띵 컴페어 투유,137
4,230407,구남과여라이딩스텔라,지워진 자국,94
4,230407,구남과여라이딩스텔라,무지개,62
4,230407,구남과여라이딩스텔라,오 싱가포르,47
4,230407,구남과여라이딩스텔라,여름밤,545
4,230407,구남과여라이딩스텔라,재개발,54
4,230407,구남과여라이딩스텔라,너와나,1443
4,230407,구남과여라이딩스텔라,젊은이,2048
4,230407,구남과여라이딩스텔라,우주로 가자,240
4,230407,구남과여라이딩스텔라,골드빌,150
4,230407,구남과여라이딩스텔라,재미,85
4,230407,구남과여라이딩스텔라,번개,142
4,230407,구남과여라이딩스텔라,No Clothes Party,60
4,230407,구남과여라이딩스텔라,노인생각,89
4,230407,구남과여라이딩스텔라,바디 러버,57
4,230407,구남과여라이딩스텔라,UFO,489
4,230407,구남과여라이딩스텔라,피,91
4,230407,구남과여라이딩스텔라,사과 (Album Ver.),177
4,230407,구남과여라이딩스텔라,봉지가,32
4,230407,구남과여라이딩스텔라,사과,265
4,230407,구남과여라이딩스텔라,도시생활 (Bicycle Ver.),45
4,230407,구남과여라이딩스텔라,서울사람,233
4,230407,구남과여라이딩스텔라,건강하고 긴 삶,445
4,230407,구남과여라이딩스텔라,샤도우 댄스,510
4,230407,구남과여라이딩스텔라,귀여워,195
4,230407,구남과여라이딩스텔라,남쪽으로 간다,187
4,230407,구남과여라이딩스텔라,굳모닝,32
4,230407,구남과여라이딩스텔라,장단,286
4,230407,구남과여라이딩스텔라,본격적인 마음,162
4,230407,구남과여라이딩스텔라,아침의 빛,168
4,230407,구남과여라이딩스텔라,감기망상,877
4,230407,구남과여라이딩스텔라,생두부,112
4,230407,구남과여라이딩스텔라,집시여인,73
4,230407,구남과여라이딩스텔라,백야,55
4,230407,구남과여라이딩스텔라,프라블럼,76
4,230407,구남과여라이딩스텔라,아름다운 강산,36
4,230407,구남과여라이딩스텔라,물 좀 주소,24
4,230407,구남과여라이딩스텔라,뽀뽀,301
4,230407,구남과여라이딩스텔라,도시생활,211
4,230407,구남과여라이딩스텔라,데이트,56
4,230407,구남과여라이딩스텔라,뜨거운 물,52
4,230407,구남과여라이딩스텔라,콘디숀,54
4,230407,구남과여라이딩스텔라,오~싱가포르,47
4,230407,구남과여라이딩스텔라,한국말,424
4,230407,구남과여라이딩스텔라,추적,19
4,230407,구남과여라이딩스텔라,언더스탠드 케어레슬리,40
4,230407,구남과여라이딩스텔라,깨끗한 우리들,50
4,230407,구남과여라이딩스텔라,안타까운 로맨스,173
4,230407,구남과여라이딩스텔라,지어낸 얘기 (Beat Roll Ver.),72
4,230407,구남과여라이딩스텔라,검은강,30
4,230407,구남과여라이딩스텔라,Go Stop Go,32
4,230407,구남과여라이딩스텔라,결혼전야,40
4,230407,구남과여라이딩스텔라,지어낸 얘기,43
5,760046,권진아,How you feelin',46
5,760046,권진아,핑계,3998
5,760046,권진아,핑계 (Inst.),55
5,760046,권진아,How you feelin',2494
5,760046,권진아,How you feelin' (Inst.),63
5,760046,권진아,담,153
5,760046,권진아,담,4404
5,760046,권진아,담 (Inst.),91
5,760046,권진아,Bad News,1490
5,760046,권진아,가랑비(濛雨),155
5,760046,권진아,가랑비(濛雨),3411
5,760046,권진아,가랑비(濛雨) (Inst.),78
5,760046,권진아,Wish,1604
5,760046,권진아,그댄 달라요 (말하고 싶은 비밀 X 권진아),7085
5,760046,권진아,그댄 달라요 (말하고 싶은 비밀 X 권진아) (Inst.),84
5,760046,권진아,너의 우주,2813
5,760046,권진아,시간과 같은 안녕,2225
5,760046,권진아,Love Me Love Me,9231
5,760046,권진아,밤,3512
5,760046,권진아,Raise Up The Flag,7753
5,760046,권진아,이런 식,1986
5,760046,권진아,꿈꾸는 대로,4987
5,760046,권진아,Butterfly,3406
5,760046,권진아,You,269
5,760046,권진아,You,3299
5,760046,권진아,You (Inst.),95
5,760046,권진아,ASTELLE,1715
5,760046,권진아,ASTELLE (Inst.),105
5,760046,권진아,어른처럼 (Sleep Mix),1083
5,760046,권진아,참 아름다운 일,506
5,760046,권진아,참 아름다운 일,3496
5,760046,권진아,참 아름다운 일 (inst.),143
5,760046,권진아,사랑이 올 거야 (아홉수 우리들 X 권진아),4715
5,760046,권진아,사랑이 올 거야 (아홉수 우리들 X 권진아) (Inst.),117
5,760046,권진아,진심이었던 사람만 바보가 돼,45387
5,760046,권진아,Silly Silly Love,22269
5,760046,권진아,Pink!,12205
5,760046,권진아,흘러가자,7591
5,760046,권진아,다음 겨울에도 여기서 만나,16223
5,760046,권진아,Closer,6876
5,760046,권진아,Closer (Inst.),315
5,760046,권진아,Run to You,1958
5,760046,권진아,Run to You (Inst.),139
5,760046,권진아,KNOCK (With 박문치),19412
5,760046,권진아,집에 같이 갈래 (Acoustic Ver.),3681
5,760046,권진아,집에 같이 갈래 (Acoustic Ver.) (Inst.),161
5,760046,권진아,I,7749
5,760046,권진아,문턱,13896
5,760046,권진아,문턱 (inst.),204
5,760046,권진아,Lonely Night,8252
5,760046,권진아,스토커,8218
5,760046,권진아,빛나는 당신을 위해,10615
5,760046,권진아,우리의 방식,13596
5,760046,권진아,잘 가,31136
5,760046,권진아,꽃말,16409
5,760046,권진아,You already have,18040
5,760046,권진아,어른처럼 (With. 죠지),14512
5,760046,권진아,여행가,10187
5,760046,권진아,마음이 그래,39339
5,760046,권진아,겨울의 우리들,14194
5,760046,권진아,평행선 (Light and Darkness),3781
5,760046,권진아,평행선 (Light and Darkness) (Inst.),173
5,760046,권진아,별처럼,841
5,760046,권진아,별처럼 (Inst.),139
5,760046,권진아,Lonely Night,5780
5,760046,권진아,별처럼,4187
5,760046,권진아,별처럼 (Inst.),178
5,760046,권진아,Everything Is OK (with Antenna Ver.),5430
5,760046,권진아,뭔가 잘못됐어,52116
5,760046,권진아,Lonely Night,54698
5,760046,권진아,Lonely Night (Inst.),560
5,760046,권진아,Y (Prod. AVIN),10830
5,760046,권진아,우리 시작해도 괜찮을까요,719
5,760046,권진아,우리 시작해도 괜찮을까요(Inst.),218
5,760046,권진아,우리 시작해도 괜찮을까요,21575
5,760046,권진아,우리 시작해도 괜찮을까요(Inst.),322
5,760046,권진아,위로,7607
5,760046,권진아,운이 좋았지,107580
5,760046,권진아,시계 바늘,39364
5,760046,권진아,늦은 배웅,9392
5,760046,권진아,그날 밤,18915
5,760046,권진아,그냥 사랑할래,5404
5,760046,권진아,멜로디,9502
5,760046,권진아,숨바꼭질,6103
5,760046,권진아,오늘 뭐 했는지 말해봐,10981
5,760046,권진아,꿈에서 만나,8570
5,760046,권진아,나의 모양,10740
5,760046,권진아,위로,100133
5,760046,권진아,위로 (Inst.),716
5,760046,권진아,오늘 뭐 했는지 말해봐,64390
5,760046,권진아,이번 겨울,19938
5,760046,권진아,이별 뒷면,67722
5,760046,권진아,이별 뒷면 (Piano Ver.),1893
5,760046,권진아,이별 뒷면 (Inst.),620
5,760046,권진아,이맘 때면,982
5,760046,권진아,Fly away,46309
5,760046,권진아,Fly away (Inst.),521
5,760046,권진아,I DO (Main Song),10314
5,760046,권진아,EVERYDAY (Happy Ver.),3470
5,760046,권진아,HONEY MOON (String Ver.),1248
5,760046,권진아,이맘 때면,2186
5,760046,권진아,연애 좀 할까,2198
5,760046,권진아,연애 좀 할까,9447
5,760046,권진아,연애 좀 할까 (Inst.),256
5,760046,권진아,지그재그,8952
5,760046,권진아,끝,166318
5,760046,권진아,쪽쪽,9323
5,760046,권진아,야! (Feat. Babylon),10593
5,760046,권진아,다 알면서... (Feat. 박재범),19491
5,760046,권진아,그녀가 되길,8387
5,760046,권진아,스물,15992
5,760046,권진아,여기까지,74991
5,760046,권진아,난 멈추지 않는다,2353
5,760046,권진아,Duet,5093
5,760046,권진아,잊지 말기로 해 (Bonus Track),51244
5,760046,권진아,그대만 보여요,1929
5,760046,권진아,그대만 보여요,10232
5,760046,권진아,그대만 보여요 (Inst.),451
5,760046,권진아,Love,7044
5,760046,권진아,십년이 지나도,5139
5,760046,권진아,Fields Of Gold,3624
5,760046,권진아,24시간이 모자라,5747
5,760046,권진아,씨스루,20336
5,760046,권진아,연인,4617
6,2863270,극동아시아타이거즈,비냄새,18
6,2863270,극동아시아타이거즈,비냄새,184
6,2863270,극동아시아타이거즈,오늘은 비가 와도 좋을 것 같아,141
6,2863270,극동아시아타이거즈,자신있던,243
6,2863270,극동아시아타이거즈,언제까지나,108
6,2863270,극동아시아타이거즈,아무것도 들어있지 않은,102
6,2863270,극동아시아타이거즈,면목중학교,185
6,2863270,극동아시아타이거즈,기억,71
6,2863270,극동아시아타이거즈,Alright,91
6,2863270,극동아시아타이거즈,이미 늦어버린 것 같지만,95
6,2863270,극동아시아타이거즈,흐려질거야,85
6,2863270,극동아시아타이거즈,이제는,208
6,2863270,극동아시아타이거즈,모기,216
6,2863270,극동아시아타이거즈,Hello,188
6,2863270,극동아시아타이거즈,별,375
6,2863270,극동아시아타이거즈,아무것도,175
6,2863270,극동아시아타이거즈,"고양이, 선인장 그리고...",405
6,2863270,극동아시아타이거즈,면목중학교 (Remastered),85
6,2863270,극동아시아타이거즈,Alright,206
6,2863270,극동아시아타이거즈,비 냄새,258
6,2863270,극동아시아타이거즈,오늘은 비가 와도 좋을 것 같아,417
6,2863270,극동아시아타이거즈,이미 늦어버린 것 같지만,214
6,2863270,극동아시아타이거즈,면목중학교,425
7,520620,글렌체크,All I ever wanted,245
7,520620,글렌체크,Retrospecto,137
7,520620,글렌체크,Paint It Gold,63
7,520620,글렌체크,Summer Hearts (2024 Remix),62
7,520620,글렌체크,Acid Test (2024 Remix),31
7,520620,글렌체크,4ever (2024 Remix),32
7,520620,글렌체크,Raving (2024 Remix),22
7,520620,글렌체크,Dreaming Kills (2024 Remix),19
7,520620,글렌체크,Pretty Psycho (2024 Remix),15
7,520620,글렌체크,Mayhem (2024 Remix),16
7,520620,글렌체크,"Dive Baby, Dive (2024 Remix)",30
7,520620,글렌체크,Teen Dream (2024 Remix),14
7,520620,글렌체크,60's Cardin (2024 Remix),309
7,520620,글렌체크,Nevada,599
7,520620,글렌체크,Sunbathe,406
7,520620,글렌체크,Pacific,54
7,520620,글렌체크,Psychoboy Jack (Original Mix),96
7,520620,글렌체크,Bloodbath Club Scene (Original Mix),50
7,520620,글렌체크,Pretty Psycho,385
7,520620,글렌체크,"Cactus, Cactus",117
7,520620,글렌체크,Candy Pink,623
7,520620,글렌체크,Mind Surfing,185
7,520620,글렌체크,Teen Dream,109
7,520620,글렌체크,"Cactus, Cactus",489
7,520620,글렌체크,"Dive, Baby Dive (Machinedrum Remix)",186
7,520620,글렌체크,Love or Die (Glen Check ver.),561
7,520620,글렌체크,Acid Test,474
7,520620,글렌체크,Dazed & Confused,4697
7,520620,글렌체크,Waves,1265
7,520620,글렌체크,"Dive Baby, Dive",3771
7,520620,글렌체크,Sins,1963
7,520620,글렌체크,Sometimes You Gotta Shake It Off,231
7,520620,글렌체크,Blush (Feat. Sokodomo),559
7,520620,글렌체크,Bliss,430
7,520620,글렌체크,Raving,612
7,520620,글렌체크,Long Strange Days Pt.2,191
7,520620,글렌체크,Runaway,483
7,520620,글렌체크,4ever,1848
7,520620,글렌체크,I Feel Like Ridin' Slow,220
7,520620,글렌체크,Velvet Goldmine,2437
7,520620,글렌체크,Dreaming Kills,2085
7,520620,글렌체크,Long Strange Days Pt.1,1158
7,520620,글렌체크,Mayhem,832
7,520620,글렌체크,Rude & Confused,608
7,520620,글렌체크,Pacific,150
7,520620,글렌체크,Paint It Gold,4267
7,520620,글렌체크,Paint It Gold (Anoraak Remix),115
7,520620,글렌체크,Paint It Gold (Jean Tonique Remix),171
7,520620,글렌체크,Paint It Gold (Like Likes Remix),121
7,520620,글렌체크,Paint It Gold (Knuckle G Remix),147
7,520620,글렌체크,Pacific,1549
7,520620,글렌체크,Pacific (Moullinex Remix),377
7,520620,글렌체크,Pacific (Justin Faust Remix),309
7,520620,글렌체크,Pacific (Les Loups Remix),133
7,520620,글렌체크,Pacific (Glen Check 'Summer' Remix),208
7,520620,글렌체크,I've Got This Feeling,1420
7,520620,글렌체크,I've Got This Feeling (Kartell Remix),142
7,520620,글렌체크,I've Got This Feeling (Lorenz Rhode Remix),82
7,520620,글렌체크,I've Got This Feeling (Tesla55 Remix),93
7,520620,글렌체크,I've Got This Feeling (Cabinett Remix),138
7,520620,글렌체크,The Match Open,305
7,520620,글렌체크,Pacific,5258
7,520620,글렌체크,Summer Hearts,745
7,520620,글렌체크,Youth In Revolt,560
7,520620,글렌체크,Paint It Gold,2563
7,520620,글렌체크,Anthem For The Wild Souls,595
7,520620,글렌체크,Young Generation,1220
7,520620,글렌체크,I've Got This Feeling,1044
7,520620,글렌체크,Brooklyn,465
7,520620,글렌체크,The Coast,628
7,520620,글렌체크,Jordan,285
7,520620,글렌체크,'84,3659
7,520620,글렌체크,'84 (Arno Grieco Remix),119
7,520620,글렌체크,'84 (Acid Punk Dynamite Remix),105
7,520620,글렌체크,'84 (Surrender! Remix),125
7,520620,글렌체크,'84 (Juneoney Remix),118
7,520620,글렌체크,"Blood, Sweat & The Beat",434
7,520620,글렌체크,'84,472
7,520620,글렌체크,Leather,752
7,520620,글렌체크,Want You Back,331
7,520620,글렌체크,'84 The Original,377
7,520620,글렌체크,The Naked Sun,726
7,520620,글렌체크,Vogue Boys And Girls,4626
7,520620,글렌체크,French Virgin Party,8068
7,520620,글렌체크,The Flashback,1170
7,520620,글렌체크,Rebellion,784
7,520620,글렌체크,Battaille!,402
7,520620,글렌체크,Au Revoir,1030
7,520620,글렌체크,Concorde,1238
7,520620,글렌체크,60's Cardin,42042
7,520620,글렌체크,Racket,1678
7,520620,글렌체크,Vivid,6828
7,520620,글렌체크,The Girl In Jeans,407
7,520620,글렌체크,Au Revoir,549
7,520620,글렌체크,60’s Cardin,1949
7,520620,글렌체크,Metro (Acoustic),339
7,520620,글렌체크,Addicted (Re Ver.),678
7,520620,글렌체크,Disco Elevator (Re Ver.),1115
7,520620,글렌체크,Metro (Re Ver.),604
7,520620,글렌체크,Dressing Room (Re Ver.),321
7,520620,글렌체크,Dressing Room (Acoustic) (Re Ver.),425
7,520620,글렌체크,Metro (Acoustic),1186
7,520620,글렌체크,60's Cardin,29
7,520620,글렌체크,Addicted,22
7,520620,글렌체크,Disco Elevator,26
7,520620,글렌체크,Metro,20
7,520620,글렌체크,Dressing Room (Demo),20
7,520620,글렌체크,Dressing Room (Acoustic),22
7,520620,글렌체크,Pacific [Les Loups Remix],1
7,520620,글렌체크,Follow The White Rabbit (CD ONLY),29
8,2642585,김늑,탕,12
8,2642585,김늑,I Wanna Be Like You !,66
8,2642585,김늑,네 전화를 기다리나 봐,28
8,2642585,김늑,소녀와 아가씨,24
8,2642585,김늑,초원,13
8,2642585,김늑,유일신,14
8,2642585,김늑,I Love You So Much !,96
8,2642585,김늑,그땐 왜 그랬을까,45
8,2642585,김늑,우리는 어디로 가는가,163
8,2642585,김늑,I Think,128
8,2642585,김늑,My Love !,245
8,2642585,김늑,My Love ! (inst.),2
8,2642585,김늑,우산을 던지자!,12
8,2642585,김늑,메리꽃핀스,50
8,2642585,김늑,흥국이,35
8,2642585,김늑,영원히 어린 마음,40
8,2642585,김늑,낡은 우리 사랑,31
8,2642585,김늑,춤이나,21
8,2642585,김늑,명치,60
8,2642585,김늑,낡은 우리 사랑,210
8,2642585,김늑,중2,61
8,2642585,김늑,춤이나,252
8,2642585,김늑,Strawberry,176
9,1816503,김뜻돌,손님별,247
9,1816503,김뜻돌,아침,122
9,1816503,김뜻돌,미카엘,161
9,1816503,김뜻돌,활엽수,108
9,1816503,김뜻돌,Westin Josun Hotel,128
9,1816503,김뜻돌,나는 닫힌 문 대신 창문을 열고,122
9,1816503,김뜻돌,Red car,74
9,1816503,김뜻돌,꿈에서 걸려온 부재중 전화,140
9,1816503,김뜻돌,우리의 심장이 같은 속도로 뛸 때,282
9,1816503,김뜻돌,요가난다,100
9,1816503,김뜻돌,속세탈출 (feat.스월비),238
9,1816503,김뜻돌,_()_,69
9,1816503,김뜻돌,미카엘,268
9,1816503,김뜻돌,손님별,553
9,1816503,김뜻돌,다섯 번째 봄,913
9,1816503,김뜻돌,Psychomania,840
9,1816503,김뜻돌,일반쓰레기,274
9,1816503,김뜻돌,Kiddo (기도),614
9,1816503,김뜻돌,나만의 모양,260
9,1816503,김뜻돌,나만의 모양 (Acoustic Ver.),68
9,1816503,김뜻돌,COBALT,1826
9,1816503,김뜻돌,중요해,871
9,1816503,김뜻돌,비 오는 거리에서 춤을 추자,4901
9,1816503,김뜻돌,비 오는 망원로,220
9,1816503,김뜻돌,훨훨,1135
9,1816503,김뜻돌,개,348
9,1816503,김뜻돌,꿈에서 걸려온 전화,3929
9,1816503,김뜻돌,이름이 없는 사람,1031
9,1816503,김뜻돌,작은 종말 (feat. 정우),2253
9,1816503,김뜻돌,나빗가루,705
9,1816503,김뜻돌,"아참,",1192
9,1816503,김뜻돌,보물찾기,2277
9,1816503,김뜻돌,성큼성큼,1012
9,1816503,김뜻돌,삐뽀삐뽀,9224
9,1816503,김뜻돌,실패하지 않는 사랑이 있나요,5696
9,1816503,김뜻돌,샤워를 해야해,1612
9,1816503,김뜻돌,삐뽀삐뽀 (2018),706
9,1816503,김뜻돌,어른이 된다면,2049
9,1816503,김뜻돌,밤산책,1490
9,1816503,김뜻돌,사라져 (Feat. 사뮈),3294
9,1816503,김뜻돌,가위바위보,933
9,1816503,김뜻돌,꿈속의 카메라,1687
10,1767,김윤아,IMAGINE,121
10,1767,김윤아,IMAGINE (Inst.),10
10,1767,김윤아,우리 안의 사계,30
10,1767,김윤아,우리 안의 사계,274
10,1767,김윤아,우리 안의 사계 (inst.),18
10,1767,김윤아,카멜리아 (feat. 김필),798
10,1767,김윤아,종언,742
10,1767,김윤아,행복을 바라는 게 잘못인가요,300
10,1767,김윤아,체취,278
10,1767,김윤아,장밋빛 인생,1265
10,1767,김윤아,평범한 남자 (feat. 백현진),209
10,1767,김윤아,U (feat. 이승열),298
10,1767,김윤아,부사의 정원 (feat. 이하이),415
10,1767,김윤아,해피엔딩,357
10,1767,김윤아,마지막 장면,287
10,1767,김윤아,매화,6128
10,1767,김윤아,Summer garden,217
10,1767,김윤아,노간주나무 이야기,98
10,1767,김윤아,증오는 나의 힘,136
10,1767,김윤아,에뜨왈르,137
10,1767,김윤아,Cat song,115
10,1767,김윤아,봄이 오면,191
10,1767,김윤아,Regrets,107
10,1767,김윤아,꿈,177
10,1767,김윤아,Going home,178
10,1767,김윤아,강,305
10,1767,김윤아,야상곡,153
10,1767,김윤아,봄날은 간다,234
10,1767,김윤아,이상한 이야기,110
10,1767,김윤아,도쿄 블루스,109
10,1767,김윤아,"사랑, 지나고 나면 아무 것도 아닐 마음의 사치",122
10,1767,김윤아,Melancholia,149
10,1767,김윤아,나는 위험한 사랑을 상상한다,109
10,1767,김윤아,세상의 끝,86
10,1767,김윤아,담,96
10,1767,김윤아,유리,153
10,1767,김윤아,행복한 사랑은 없네,204
10,1767,김윤아,야상곡,102
10,1767,김윤아,Going home,113
10,1767,김윤아,봄날은 간다,111
10,1767,김윤아,붉은 꽃그늘 아래서,213
10,1767,김윤아,붉은 꽃그늘 아래서,1436
10,1767,김윤아,붉은 꽃그늘 아래서 (Inst.),51
10,1767,김윤아,진심으로 너를 위해 부르는 노래 (Prod. 로코베리),6927
10,1767,김윤아,Winner,289
10,1767,김윤아,Winner,755
10,1767,김윤아,Winner (Inst.),28
10,1767,김윤아,Don't Disturb Me (The official Korean language theme song),3
10,1767,김윤아,고독한 항해,818
10,1767,김윤아,물들어간다,150
10,1767,김윤아,고독한 항해,10369
10,1767,김윤아,고독한 항해 (Inst.),232
10,1767,김윤아,Nobody Knows,274
10,1767,김윤아,Nobody Knows,1004
10,1767,김윤아,Nobody Knows (Inst.),44
10,1767,김윤아,물들어간다,1925
10,1767,김윤아,물들어간다 (inst.),46
10,1767,김윤아,목소리,210
10,1767,김윤아,눈물 아닌 날들,4029
10,1767,김윤아,눈물 아닌 날들,15237
10,1767,김윤아,Gloomy Sunday (비긴어게인2),1101
10,1767,김윤아,안녕 미미 (비긴어게인2),496
10,1767,김윤아,봄날은 간다 (비긴어게인2),2181
10,1767,김윤아,고향의 봄 (비긴어게인2),408
10,1767,김윤아,야상곡 (비긴어게인2),2042
10,1767,김윤아,Going home (비긴어게인2),4455
10,1767,김윤아,Moon River (비긴어게인2),1542
10,1767,김윤아,샤이닝 (비긴어게인2),1266
10,1767,김윤아,봄이 오면 (비긴어게인2),965
10,1767,김윤아,위로 (비긴어게인2),881
10,1767,김윤아,"스물다섯, 스물하나 (비긴어게인2)",8589
10,1767,김윤아,Fly me to the moon (비긴어게인2),3270
10,1767,김윤아,강 (비긴어게인2),1184
10,1767,김윤아,샤이닝 (비긴어게인2),4568
10,1767,김윤아,#1 (비긴어게인2),756
10,1767,김윤아,나인 너에게,778
10,1767,김윤아,나인 너에게,4792
10,1767,김윤아,나인 너에게 (Inst.),75
10,1767,김윤아,연,337
10,1767,김윤아,Trouble Maker,296
10,1767,김윤아,목소리,8163
10,1767,김윤아,목소리 (Inst.),135
10,1767,김윤아,연,2404
10,1767,김윤아,연 (Inst.),68
10,1767,김윤아,눈의 꽃,1101
10,1767,김윤아,일어나,613
10,1767,김윤아,_,627
10,1767,김윤아,강,5090
10,1767,김윤아,유리,2055
10,1767,김윤아,키리에,2291
10,1767,김윤아,독,2179
10,1767,김윤아,은지,1236
10,1767,김윤아,꿈,11095
10,1767,김윤아,타인의 고통,2294
10,1767,김윤아,안녕,2447
10,1767,김윤아,다 지나간다,3146
10,1767,김윤아,Going Home,737
10,1767,김윤아,유리,1606
10,1767,김윤아,작은 꽃,1422
10,1767,김윤아,안녕,4309
10,1767,김윤아,사랑 그 쓸쓸함에 대하여,1871
10,1767,김윤아,크게 라디오를 켜고,572
10,1767,김윤아,키리에,5810
10,1767,김윤아,길,5385
10,1767,김윤아,길,29330
10,1767,김윤아,자각몽 (Feat. 올티),3742
10,1767,김윤아,자각몽 (Inst.),92
10,1767,김윤아,그댄 여전히 멋있는 사람,685
10,1767,김윤아,그댄 여전히 멋있는 사람 (Accordion Ver.),1041
10,1767,김윤아,그댄 여전히 멋있는 사람 (Strings Ver.),456
10,1767,김윤아,이상한 세상의 릴리스,1174
10,1767,김윤아,비밀의 정원,2012
10,1767,김윤아,가만히 두세요,2552
10,1767,김윤아,going home,47552
10,1767,김윤아,도쿄 블루스,1545
10,1767,김윤아,summer garden,705
10,1767,김윤아,에뜨왈르,1379
10,1767,김윤아,cat song,903
10,1767,김윤아,얼음 공주,807
10,1767,김윤아,착한 소녀,642
10,1767,김윤아,검은 강,1834
10,1767,김윤아,이상한 이야기,827
10,1767,김윤아,불안은 영혼을 잠식한다.,1445
10,1767,김윤아,"사랑, 지나고 나면 아무 것도 아닐 마음의 사치",4027
10,1767,김윤아,세상의 끝,671
10,1767,김윤아,야상곡(夜想曲),54035
10,1767,김윤아,나는 위험한 사랑을 상상한다.,2494
10,1767,김윤아,봄이 오면 (Guitar ver.),2429
10,1767,김윤아,Melancholia,971
10,1767,김윤아,미저리,967
10,1767,김윤아,봄이 오면 (Piano ver.),6875
10,1767,김윤아,증오는 나의 힘,1179
10,1767,김윤아,Girl Talk,3672
10,1767,김윤아,Flow,1415
10,1767,김윤아,담,3430
10,1767,김윤아,Tango Of 2,419
10,1767,김윤아,Regrets,474
10,1767,김윤아,아이들은,395
10,1767,김윤아,Blue Christmas,1269
10,1767,김윤아,가끔씩,853
10,1767,김윤아,City Of Soul,1079
10,1767,김윤아,블루 크리스마스,915
10,1767,김윤아,담,465
10,1767,김윤아,파랑새,437
10,1767,김윤아,봄날은 간다,60045
10,1767,김윤아,마왕 (For 魔王),580
10,1767,김윤아,파애 (For 키르케),942
10,1767,김윤아,봄날은 간다,11988
